種別,分類,動画での表示名,団体/チーム名,団体ID,配信日,大会名,元動画タイトル,URL,動画配信元,動画配信元URL,動画配信元ロゴURL
動画,マーチング団体等,FUKUOKA DreamScouts performance corps,FUKUOKA Dream Scouts performance corps,oom6uzj,2026-03-18,2025 DCJ ALL JAPAN CHAMPIONSHIPS FUKUOKA DreamScouts performance corps,,https://www.youtube.com/watch?v=ktSQPm8RrJU,DrumcorpsfunTV,https://www.youtube.com/@DrumcorpsfunTV,
動画,マーチング団体等,横浜市立西谷中学校マーチングバンド部 Splash Hearts,横浜市立西谷中学校マーチングバンド部 Splash Hearts,o132xu6b,2026-03-17,2025 DCJ ALL JAPAN CHAMPIONSHIPS 横浜市立西谷中学校マーチングバンド部 Splash Hearts,,https://www.youtube.com/watch?v=jLnXRrpljIU,DrumcorpsfunTV,https://www.youtube.com/@DrumcorpsfunTV,
動画,マーチング団体等,Yokohama City Heian Elementary School Marching Band,横浜市立平安小学校マーチングバンド,o1j4wmu9,2026-03-13,2025 DCJ ALL JAPAN CHAMPIONSHIPS Yokohama City Heian Elementary School Marching Band,,https://www.youtube.com/watch?v=L_pT4ES0JWU,DrumcorpsfunTV,https://www.youtube.com/@DrumcorpsfunTV,
動画,マーチング団体等,Yokohama Municipal Futoo Elementary School Marching Band,横浜市立太尾小学校マーチングバンド,o43ypd5,2026-03-12,2025 DCJ ALL JAPAN CHAMPIONSHIPS Yokohama Municipal Futoo Elementary School Marching Band,,https://www.youtube.com/watch?v=4xkLSJOZ87U,DrumcorpsfunTV,https://www.youtube.com/@DrumcorpsfunTV,
動画,マーチング団体等,座間 Marching Band to INFINITY,座間Marching Band to INFINITY,o17tqgyh,2026-01-24,2025 DCJ ALL JAPAN CHAMPIONSHIPS 座間 Marching Band to INFINITY,,https://www.youtube.com/watch?v=z7NrK0mkI1Y,DrumcorpsfunTV,https://www.youtube.com/@DrumcorpsfunTV,
動画,マーチング団体等,湘南ドルフィンズ・マーチングバンド,湘南ドルフィンズ・マーチングバンド,o1nov4hn,2026-01-13,2025 DCJ ALL JAPAN CHAMPIONSHIPS 湘南ドルフィンズ・マーチングバンド,,https://www.youtube.com/watch?v=XBL98TaG-gg,DrumcorpsfunTV,https://www.youtube.com/@DrumcorpsfunTV,
動画,マーチング団体等,Phoenix Regiment Drum & Bugle Corps,東京実業高等学校Phoenix Regiment Drum&Bugle Corps,o1nlulwf,2026-01-09,2025 DCJ ALL JAPAN CHAMPIONSHIPS Phoenix Regiment Drum & Bugle Corps,,https://www.youtube.com/watch?v=oub1CPL1gT0,DrumcorpsfunTV,https://www.youtube.com/@DrumcorpsfunTV,
動画,マーチング団体等,Imperial Sound Drum & Bugle Corps,Imperial Sound Drum&Bugle Corps,o1o6zc1c,2026-01-06,2025 DCJ ALL JAPAN CHAMPIONSHIPS Imperial Sound Drum & Bugle Corps,,https://www.youtube.com/watch?v=VT1udrDXkF4,DrumcorpsfunTV,https://www.youtube.com/@DrumcorpsfunTV,
動画,マーチング団体等,SENDAI Verdures,SENDAI Verdures,o126whaw,2025-12-26,2025 DCJ ALL JAPAN CHAMPIONSHIPS SENDAI Verdures,,https://www.youtube.com/watch?v=RrUHxkg8bn8,DrumcorpsfunTV,https://www.youtube.com/@DrumcorpsfunTV,
動画,マーチング団体等,つつじが丘ジュニアマーチングバンド,つつじが丘ジュニアマーチングバンド,o2jxvpo,2025-12-23,2025 DCJ ALL JAPAN CHAMPIONSHIPS つつじが丘ジュニアマーチングバンド,,https://www.youtube.com/watch?v=gXmYbPcsmf4,DrumcorpsfunTV,https://www.youtube.com/@DrumcorpsfunTV,
動画,マーチング団体等,THE FOCUS,THE FOCUS,o1iahfpj,2025-12-19,2025 DCJ ALL JAPAN CHAMPIONSHIPS THE FOCUS,,https://www.youtube.com/watch?v=4OWd1aheR10,DrumcorpsfunTV,https://www.youtube.com/@DrumcorpsfunTV,
動画,マーチング団体等,Tokyo Phoenix Drum & Bugle Corps,Tokyo Phoenix Drum&Bugle Corps,ofza5wl,2025-12-16,2025 DCJ ALL JAPAN CHAMPIONSHIPS Tokyo Phoenix Drum & Bugle Corps,,https://www.youtube.com/watch?v=RazBqUMtrc4,DrumcorpsfunTV,https://www.youtube.com/@DrumcorpsfunTV,
動画,マーチング団体等,鎌倉女子大学中等部・高等部マーチングバンド,鎌倉女子大学中等部・高等部マーチングバンド,o1fgqocl,2025-12-12,2025 DCJ ALL JAPAN CHAMPIONSHIPS 鎌倉女子大学中等部・高等部マーチングバンド,,https://www.youtube.com/watch?v=rsNYzVYtyIg,DrumcorpsfunTV,https://www.youtube.com/@DrumcorpsfunTV,
動画,マーチング団体等,SONIC LANCERS,SONIC LANCERS,o1ed2qxk,2025-12-09,2025 DCJ ALL JAPAN CHAMPIONSHIPS SONIC LANCERS,,https://www.youtube.com/watch?v=EWg2elSzoPc,DrumcorpsfunTV,https://www.youtube.com/@DrumcorpsfunTV,
動画,マーチング団体等,GENESIS,GENESIS,ooulsx2,2025-12-01,2025 DCJ ALL JAPAN CHAMPIONSHIPS GENESIS,,https://www.youtube.com/watch?v=8jonfQlarYk,DrumcorpsfunTV,https://www.youtube.com/@DrumcorpsfunTV,
動画,マーチング団体等,THE YOKOHAMA SCOUTS,THE YOKOHAMA SCOUTS,oephwul,2025-11-29,2025 DCJ ALL JAPAN CHAMPIONSHIPS THE YOKOHAMA SCOUTS,,https://www.youtube.com/watch?v=Jn5t_uUXZ30,DrumcorpsfunTV,https://www.youtube.com/@DrumcorpsfunTV,
動画,マーチング団体等,"綾北""Mercury winds""","綾北""Mercury winds""",ocfxnxr,2025-04-04,"2024 DCJ 30th ALL JAPAN CHAMPIONSHIPS 綾北""Mercury winds""",,https://www.youtube.com/watch?v=lEJTcH1GMCQ,DrumcorpsfunTV,https://www.youtube.com/@DrumcorpsfunTV,
動画,マーチング団体等,Yokohama INSPIRES Alumni,Yokohama INSPIRES Alumni Drum&Bugle Corps,o1hw02ly,2025-04-03,2024 DCJ 30th ALL JAPAN CHAMPIONSHIPS Yokohama INSPIRES Alumni,,https://www.youtube.com/watch?v=KuEMTeNzprY,DrumcorpsfunTV,https://www.youtube.com/@DrumcorpsfunTV,
動画,マーチング団体等,関東学院マーチングバンド,関東学院マーチングバンド,o1u9zfon,2025-04-02,2024 DCJ 30th ALL JAPAN CHAMPIONSHIPS 関東学院マーチングバンド,,https://www.youtube.com/watch?v=-WhAggX1NQM,DrumcorpsfunTV,https://www.youtube.com/@DrumcorpsfunTV,
動画,マーチング団体等,座間 Marching Band to INFINITY,座間Marching Band to INFINITY,o17tqgyh,2025-04-01,2024 DCJ 30th ALL JAPAN CHAMPIONSHIPS 座間 Marching Band to INFINITY,,https://www.youtube.com/watch?v=lsHz4jgKp_E,DrumcorpsfunTV,https://www.youtube.com/@DrumcorpsfunTV,
動画,マーチング団体等,Imperial Sound,Imperial Sound Drum&Bugle Corps,o1o6zc1c,2025-03-31,2024 DCJ 30th ALL JAPAN CHAMPIONSHIPS Imperial Sound,,https://www.youtube.com/watch?v=P2u91hHbUCo,DrumcorpsfunTV,https://www.youtube.com/@DrumcorpsfunTV,
動画,マーチング団体等,湘南ドルフィンズ・マーチングバンド,湘南ドルフィンズ・マーチングバンド,o1nov4hn,2025-03-30,2024 DCJ 30th ALL JAPAN CHAMPIONSHIPS  湘南ドルフィンズ・マーチングバンド,,https://www.youtube.com/watch?v=w5lSjThJi90,DrumcorpsfunTV,https://www.youtube.com/@DrumcorpsfunTV,
動画,マーチング団体等,つつじが丘ジュニアマーチングバンド,つつじが丘ジュニアマーチングバンド,o2jxvpo,2025-03-29,2024 DCJ 30th ALL JAPAN CHAMPIONSHIPS つつじが丘ジュニアマーチングバンド,,https://www.youtube.com/watch?v=myYwWw63wWw,DrumcorpsfunTV,https://www.youtube.com/@DrumcorpsfunTV,
動画,マーチング団体等,JOKERS,JOKERS,ojz17lo,2025-03-28,2024 DCJ 30th ALL JAPAN CHAMPIONSHIPS  JOKERS,,https://www.youtube.com/watch?v=qwP4GshNgnw,DrumcorpsfunTV,https://www.youtube.com/@DrumcorpsfunTV,
動画,マーチング団体等,Phoenix Regiment,東京実業高等学校Phoenix Regiment Drum&Bugle Corps,o1nlulwf,2025-03-27,2024 DCJ 30th ALL JAPAN CHAMPIONSHIPS Phoenix Regiment,,https://www.youtube.com/watch?v=DjDX8h9xkts,DrumcorpsfunTV,https://www.youtube.com/@DrumcorpsfunTV,
動画,マーチング団体等,鎌倉女子大学中等部・高等部マーチングバンド,鎌倉女子大学中等部・高等部マーチングバンド,o1fgqocl,2025-03-26,2024 DCJ 30th ALL JAPAN CHAMPIONSHIPS  鎌倉女子大学中等部・高等部マーチングバンド,,https://www.youtube.com/watch?v=Mb9GaOpOaEQ,DrumcorpsfunTV,https://www.youtube.com/@DrumcorpsfunTV,
動画,マーチング団体等,KANUMA SATSUKI DREAMERS,KANUMA SATSUKI DREAMERS,o1o6gq5s,2025-03-25,2024 DCJ 30th ALL JAPAN CHAMPIONSHIPS KANUMA SATSUKI DREAMERS,,https://www.youtube.com/watch?v=ZhPrBSphQpQ,DrumcorpsfunTV,https://www.youtube.com/@DrumcorpsfunTV,
動画,マーチング団体等,THE FOCUS,THE FOCUS,o1iahfpj,2025-03-24,2024 DCJ 30th ALL JAPAN CHAMPIONSHIPS  THE FOCUS,,https://www.youtube.com/watch?v=4WPX83e9IUQ,DrumcorpsfunTV,https://www.youtube.com/@DrumcorpsfunTV,
動画,マーチング団体等,神奈川県立湘南台高等学校吹奏楽部 White Shooting Stars,神奈川県立湘南台高等学校吹奏楽部 White Shooting Stars,o1k1vb1f,2025-03-23,2024 DCJ 30th ALL JAPAN CHAMPIONSHIPS 神奈川県立湘南台高等学校吹奏楽部 White Shooting Stars,,https://www.youtube.com/watch?v=wGDJA-8SU6w,DrumcorpsfunTV,https://www.youtube.com/@DrumcorpsfunTV,
動画,マーチング団体等,SONIC LANCERS,SONIC LANCERS,o1ed2qxk,2025-03-22,2024 DCJ 30th ALL JAPAN CHAMPIONSHIPS SONIC LANCERS,,https://www.youtube.com/watch?v=oYimtRYuBbE,DrumcorpsfunTV,https://www.youtube.com/@DrumcorpsfunTV,
動画,マーチング団体等,SENDAI Verdures,SENDAI Verdures,o126whaw,2025-03-21,2024 DCJ 30th ALL JAPAN CHAMPIONSHIPS  SENDAI Verdures,,https://www.youtube.com/watch?v=8_QVBgROq2E,DrumcorpsfunTV,https://www.youtube.com/@DrumcorpsfunTV,
動画,マーチング団体等,Tokyo Phoenix,Tokyo Phoenix Drum&Bugle Corps,ofza5wl,2025-03-20,2024 DCJ 30th ALL JAPAN CHAMPIONSHIPS Tokyo Phoenix,,https://www.youtube.com/watch?v=1E-7YPBDO18,DrumcorpsfunTV,https://www.youtube.com/@DrumcorpsfunTV,
動画,マーチング団体等,GENESIS,GENESIS,ooulsx2,2025-03-19,2024 DCJ 30th ALL JAPAN CHAMPIONSHIPS GENESIS,,https://www.youtube.com/watch?v=6ttpbUka1rA,DrumcorpsfunTV,https://www.youtube.com/@DrumcorpsfunTV,
動画,マーチング団体等,THE YOKOHAMA SCOUTS,THE YOKOHAMA SCOUTS,oephwul,2025-03-18,2024 DCJ 30th ALL JAPAN CHAMPIONSHIPS THE YOKOHAMA SCOUTS,,https://www.youtube.com/watch?v=QmyqhRJL7Yg,DrumcorpsfunTV,https://www.youtube.com/@DrumcorpsfunTV,
動画,マーチング団体等,横浜市立平安小学校マーチングバンド,横浜市立平安小学校マーチングバンド,o1j4wmu9,2023-02-23,2022 DCJ The28th ALL JAPAN CHAMPIONSHIPS 横浜市立平安小学校マーチングバンド,,https://www.youtube.com/watch?v=JfxhfzQ661E,DrumcorpsfunTV,https://www.youtube.com/@DrumcorpsfunTV,
動画,マーチング団体等,横浜市立太尾小学校マーチングバンド,横浜市立太尾小学校マーチングバンド,o43ypd5,2023-02-20,2022 DCJ The28th ALL JAPAN CHAMPIONSHIPS 横浜市立太尾小学校マーチングバンド,,https://www.youtube.com/watch?v=nm2GsTHEFBc,DrumcorpsfunTV,https://www.youtube.com/@DrumcorpsfunTV,
動画,マーチング団体等,Yokohama INSPIRES Alumni,Yokohama INSPIRES Alumni Drum&Bugle Corps,o1hw02ly,2023-02-17,2022 DCJ The28th ALL JAPAN CHAMPIONSHIPS Yokohama INSPIRES Alumni,,https://www.youtube.com/watch?v=4zd49P2z6qs,DrumcorpsfunTV,https://www.youtube.com/@DrumcorpsfunTV,
動画,マーチング団体等,Phoenix Regiment,東京実業高等学校Phoenix Regiment Drum&Bugle Corps,o1nlulwf,2023-02-03,2022 DCJ The28th ALL JAPAN CHAMPIONSHIPS Phoenix Regiment,,https://www.youtube.com/watch?v=HhiVmjIOcLI,DrumcorpsfunTV,https://www.youtube.com/@DrumcorpsfunTV,
動画,マーチング団体等,Tokyo Phoenix,Tokyo Phoenix Drum&Bugle Corps,ofza5wl,2023-01-31,2022 DCJ The28th ALL JAPAN CHAMPIONSHIPS Tokyo Phoenix,,https://www.youtube.com/watch?v=hQ-JXTJidLk,DrumcorpsfunTV,https://www.youtube.com/@DrumcorpsfunTV,
動画,マーチング団体等,SONIC LANCERS,SONIC LANCERS,o1ed2qxk,2023-01-28,2022 DCJ The28th ALL JAPAN CHAMPIONSHIPS SONIC LANCERS,,https://www.youtube.com/watch?v=RYLdEZl6zeI,DrumcorpsfunTV,https://www.youtube.com/@DrumcorpsfunTV,
動画,マーチング団体等,JOKERS,JOKERS,ojz17lo,2023-01-25,2022 DCJ The28th ALL JAPAN CHAMPIONSHIPS JOKERS,,https://www.youtube.com/watch?v=fkNRMEfODws,DrumcorpsfunTV,https://www.youtube.com/@DrumcorpsfunTV,
動画,マーチング団体等,湘南ドルフィンズマーチングバンド,湘南ドルフィンズ・マーチングバンド,o1nov4hn,2023-01-21,2022 DCJ The28th ALL JAPAN CHAMPIONSHIPS 湘南ドルフィンズマーチングバンド,,https://www.youtube.com/watch?v=UZFl32jFKrE,DrumcorpsfunTV,https://www.youtube.com/@DrumcorpsfunTV,
動画,マーチング団体等,Yokohama INSPIRES,Yokohama INSPIRES Drum&Bugle Corps,o1a32hho,2022-12-25,2022 DCJ The28th ALL JAPAN CHAMPIONSHIPS Yokohama INSPIRES,,https://www.youtube.com/watch?v=q5D2gvtHbNE,DrumcorpsfunTV,https://www.youtube.com/@DrumcorpsfunTV,
動画,マーチング団体等,SATSUKI DREAMERS Marchingband,SATSUKI DREAMERS Marchingband,o62ysud,2022-12-21,2022 DCJ The28th ALL JAPAN CHAMPIONSHIPS SATSUKI DREAMERS Marchingband,,https://www.youtube.com/watch?v=2ETVCBRezXw,DrumcorpsfunTV,https://www.youtube.com/@DrumcorpsfunTV,
動画,マーチング団体等,THE FOCUS,THE FOCUS,o1iahfpj,2022-12-17,2022 DCJ The28th ALL JAPAN CHAMPIONSHIPS THE FOCUS,,https://www.youtube.com/watch?v=E9jJJISufeo,DrumcorpsfunTV,https://www.youtube.com/@DrumcorpsfunTV,
動画,マーチング団体等,神奈川県立湘南台高等学校吹奏楽部 White Shooting Stars,神奈川県立湘南台高等学校吹奏楽部 White Shooting Stars,o1k1vb1f,2022-12-13,2022 DCJ The28th ALL JAPAN CHAMPIONSHIPS 神奈川県立湘南台高等学校吹奏楽部 White Shooting Stars,,https://www.youtube.com/watch?v=mwmwNh_QLUg,DrumcorpsfunTV,https://www.youtube.com/@DrumcorpsfunTV,
動画,マーチング団体等,鎌倉女子大学中等部・高等部マーチングバンド,鎌倉女子大学中等部・高等部マーチングバンド,o1fgqocl,2022-12-09,2022 DCJ The28th ALL JAPAN CHAMPIONSHIPS 鎌倉女子大学中等部・高等部マーチングバンド,,https://www.youtube.com/watch?v=fTGYKQNP9zg,DrumcorpsfunTV,https://www.youtube.com/@DrumcorpsfunTV,
動画,マーチング団体等,GENESIS,GENESIS,ooulsx2,2022-12-05,2022 DCJ The28th ALL JAPAN CHAMPIONSHIPS GENESIS,,https://www.youtube.com/watch?v=zmeIUNXucRY,DrumcorpsfunTV,https://www.youtube.com/@DrumcorpsfunTV,
動画,マーチング団体等,THE YOKOHAMA SCOUTS,THE YOKOHAMA SCOUTS,oephwul,2022-11-30,2022 DCJ The28th ALL JAPAN CHAMPIONSHIPS THE YOKOHAMA SCOUTS,,https://www.youtube.com/watch?v=_zLm9ZlOTyo,DrumcorpsfunTV,https://www.youtube.com/@DrumcorpsfunTV,
動画,マーチング団体等,JOKERS,JOKERS,ojz17lo,2020-03-13,2019 DCJ The27th ALL JAPAN JOKERS,,https://www.youtube.com/watch?v=zyhRhrrAefk,DrumcorpsfunTV,https://www.youtube.com/@DrumcorpsfunTV,
動画,マーチング団体等,つつじが丘ジュニアマーチングバンド,つつじが丘ジュニアマーチングバンド,o2jxvpo,2019-12-07,2019 DCJ The27th ALL JAPAN つつじが丘ジュニアマーチングバンド,,https://www.youtube.com/watch?v=ZEAe3RcPWW8,DrumcorpsfunTV,https://www.youtube.com/@DrumcorpsfunTV,
動画,マーチング団体等,The Garnet 長崎マーチングバンド,The Garnet 長崎マーチングバンド,o1b4cjpv,2019-12-07,2019 DCJ The27th ALL JAPAN The Garnet 長崎マーチングバンド,,https://www.youtube.com/watch?v=sXwxtbFQxWU,DrumcorpsfunTV,https://www.youtube.com/@DrumcorpsfunTV,
動画,マーチング団体等,さいたま市立上里小学校マーチングキッズ,さいたま市立上里小学校マーチングキッズ,o1j4cjjv,2019-12-07,2019 DCJ The27th ALL JAPAN CHAMPIONSHIPS さいたま市立上里小学校マーチングキッズ,,https://www.youtube.com/watch?v=InGcd4f-43A,DrumcorpsfunTV,https://www.youtube.com/@DrumcorpsfunTV,
動画,マーチング団体等,座間市少女マーチングバンド,座間市少女マーチングバンド,ote8bz6,2019-12-06,2019 DCJ The27th ALL JAPAN 座間市少女マーチングバンド,,https://www.youtube.com/watch?v=3b4y4vvy5yI,DrumcorpsfunTV,https://www.youtube.com/@DrumcorpsfunTV,
動画,マーチング団体等,Imperial Sound,Imperial Sound Drum&Bugle Corps,o1o6zc1c,2019-12-06,2019 DCJ The27th ALL JAPAN Imperial Sound,,https://www.youtube.com/watch?v=n43V4JPxjkw,DrumcorpsfunTV,https://www.youtube.com/@DrumcorpsfunTV,
動画,マーチング団体等,湘南ドルフィンズ・マーチングバンド,湘南ドルフィンズ・マーチングバンド,o1nov4hn,2019-12-04,2019 DCJ The27th ALL JAPAN 湘南ドルフィンズ・マーチングバンド,,https://www.youtube.com/watch?v=lGMVbU1YVWg,DrumcorpsfunTV,https://www.youtube.com/@DrumcorpsfunTV,
動画,マーチング団体等,SENDAI Verdures,SENDAI Verdures,o126whaw,2019-12-04,2019 DCJ The27th ALL JAPAN SENDAI Verdures,,https://www.youtube.com/watch?v=O4UN2glFSBE,DrumcorpsfunTV,https://www.youtube.com/@DrumcorpsfunTV,
動画,マーチング団体等,PHOENIX REGIMENT,東京実業高等学校Phoenix Regiment Drum&Bugle Corps,o1nlulwf,2019-12-04,2019 DCJ The27th ALL JAPAN PHOENIX REGIMENT,,https://www.youtube.com/watch?v=K3IdxW95zvo,DrumcorpsfunTV,https://www.youtube.com/@DrumcorpsfunTV,
動画,マーチング団体等,横浜市立潮田中学校 YOKOHAMA Pacific Winds,横浜市立潮田中学校 YOKOHAMA Pacific Winds,ouczeoq,2019-12-04,2019 DCJ The27th ALL JAPAN CHAMPIONSHIPS 横浜市立潮田中学校 YOKOHAMA Pacific Winds,,https://www.youtube.com/watch?v=8iUFGrzks5o,DrumcorpsfunTV,https://www.youtube.com/@DrumcorpsfunTV,
動画,マーチング団体等,横浜市立平安小学校マーチングバンド,横浜市立平安小学校マーチングバンド,o1j4wmu9,2019-12-04,2019 DCJ The27th ALL JAPAN CHAMPIONSHIPS 横浜市立平安小学校マーチングバンド,,https://www.youtube.com/watch?v=6Yqg-KXqlwE,DrumcorpsfunTV,https://www.youtube.com/@DrumcorpsfunTV,
動画,マーチング団体等,Tokyo Phoenix,Tokyo Phoenix Drum&Bugle Corps,ofza5wl,2019-12-04,2019 DCJ The27th ALL JAPAN CHAMPIONSHIPS Tokyo Phoenix,,https://www.youtube.com/watch?v=3cfbgaTLeBw,DrumcorpsfunTV,https://www.youtube.com/@DrumcorpsfunTV,
動画,マーチング団体等,関東学院マーチングバンド,関東学院マーチングバンド,o1u9zfon,2019-12-02,2019 DCJ The27th ALL JAPAN CHAMPIONSHIPS 関東学院マーチングバンド,,https://www.youtube.com/watch?v=FDTMrHmeRRg,DrumcorpsfunTV,https://www.youtube.com/@DrumcorpsfunTV,
動画,マーチング団体等,White Galaxy,White Galaxy,o1be1njj,2019-12-02,2019 DCJ The27th ALL JAPAN CHAMPIONSHIPS White Galaxy,,https://www.youtube.com/watch?v=63hmUbn7Beo,DrumcorpsfunTV,https://www.youtube.com/@DrumcorpsfunTV,
動画,マーチング団体等,SONIC LANCERS,SONIC LANCERS,o1ed2qxk,2019-12-02,2019 DCJ The27th ALL JAPAN CHAMPIONSHIPS SONIC LANCERS,,https://www.youtube.com/watch?v=wL1L-KX8-dI,DrumcorpsfunTV,https://www.youtube.com/@DrumcorpsfunTV,
動画,マーチング団体等,神奈川県立湘南台高等学校吹奏楽部 White Shooting Stars,神奈川県立湘南台高等学校吹奏楽部 White Shooting Stars,o1k1vb1f,2019-11-30,2019 DCJ The27th ALL JAPAN CHAMPIONSHIPS 神奈川県立湘南台高等学校吹奏楽部 White Shooting Stars,,https://www.youtube.com/watch?v=UKhF0zabOaI,DrumcorpsfunTV,https://www.youtube.com/@DrumcorpsfunTV,
動画,マーチング団体等,Yokohama INSPIRES Alumni,Yokohama INSPIRES Alumni Drum&Bugle Corps,o1hw02ly,2019-11-30,2019 DCJ The27th ALL JAPAN CHAMPIONSHIPS Yokohama INSPIRES Alumni,,https://www.youtube.com/watch?v=blAqdapXsd8,DrumcorpsfunTV,https://www.youtube.com/@DrumcorpsfunTV,
動画,マーチング団体等,THE FOCUS,THE FOCUS,o1iahfpj,2019-11-30,2019 DCJ The27th ALL JAPAN CHAMPIONSHIPS THE FOCUS,,https://www.youtube.com/watch?v=gIWq_uTF_UM,DrumcorpsfunTV,https://www.youtube.com/@DrumcorpsfunTV,
動画,マーチング団体等,Legend of ANGELS,Legend of ANGELS Drum&Bugle Corps,o1slw9jm,2019-11-30,2019 DCJ The27th ALL JAPAN CHAMPIONSHIPS Legend of ANGELS,,https://www.youtube.com/watch?v=b8L5fGZ3rUg,DrumcorpsfunTV,https://www.youtube.com/@DrumcorpsfunTV,
動画,マーチング団体等,鎌倉女子大学中等部・高等部マーチングバンド,鎌倉女子大学中等部・高等部マーチングバンド,o1fgqocl,2019-11-29,2019 DCJ The27th ALL JAPAN CHAMPIONSHIPS 鎌倉女子大学中等部・高等部マーチングバンド,,https://www.youtube.com/watch?v=-cM0Wtjd5wY,DrumcorpsfunTV,https://www.youtube.com/@DrumcorpsfunTV,
動画,マーチング団体等,鎌倉女子大学中等部・高等部マーチングバンド,鎌倉女子大学中等部・高等部マーチングバンド,o1fgqocl,2019-11-29,2019 DCJ The27th ALL JAPAN CHAMPIONSHIPS 鎌倉女子大学中等部・高等部マーチングバンド,,https://www.youtube.com/watch?v=5nJPN8O398M,DrumcorpsfunTV,https://www.youtube.com/@DrumcorpsfunTV,
動画,マーチング団体等,THE YOKOHAMA SCOUTS,THE YOKOHAMA SCOUTS,oephwul,2019-11-29,2019 DCJ The27th ALL JAPAN CHAMPIONSHIPS THE YOKOHAMA SCOUTS,,https://www.youtube.com/watch?v=Oxy8s1EH19U,DrumcorpsfunTV,https://www.youtube.com/@DrumcorpsfunTV,
動画,マーチング団体等,SATSUKI DREAMERS Marchingband,SATSUKI DREAMERS Marchingband,o62ysud,2019-11-29,2019 DCJ The27th ALL JAPAN CHAMPIONSHIPS SATSUKI DREAMERS Marchingband,,https://www.youtube.com/watch?v=49dpxqhcFU4,DrumcorpsfunTV,https://www.youtube.com/@DrumcorpsfunTV,
動画,マーチング団体等,GENESIS,GENESIS,ooulsx2,2019-11-29,2019 DCJ The27th ALL JAPAN CHAMPIONSHIPS GENESIS,,https://www.youtube.com/watch?v=n8NX1CQl_vc,DrumcorpsfunTV,https://www.youtube.com/@DrumcorpsfunTV,
動画,マーチング団体等,Yokohama INSPIRES,Yokohama INSPIRES Drum&Bugle Corps,o1a32hho,2019-11-27,2019 DCJ The27th ALL JAPAN CHAMPIONSHIPS Yokohama INSPIRES,,https://www.youtube.com/watch?v=_P_fiJbOAtY,DrumcorpsfunTV,https://www.youtube.com/@DrumcorpsfunTV,
動画,マーチング団体等,FUKUOKA Dream Scouts performance corps,FUKUOKA Dream Scouts performance corps,oom6uzj,2019-11-27,2019 DCJ The27th ALL JAPAN CHAMPIONSHIPS FUKUOKA Dream Scouts performance corps,,https://www.youtube.com/watch?v=FOqnxNCMc3E,DrumcorpsfunTV,https://www.youtube.com/@DrumcorpsfunTV,
動画,マーチング団体等,湘南ドルフィンズマーチングバンド,湘南ドルフィンズ・マーチングバンド,o1nov4hn,2019-03-15,2018 DCJ the26th ALL JAPAN CHAMPIONSHIPS　湘南ドルフィンズマーチングバンド,,https://www.youtube.com/watch?v=fJ0Bes6D250,DrumcorpsfunTV,https://www.youtube.com/@DrumcorpsfunTV,
動画,マーチング団体等,SONIC LANCERS,SONIC LANCERS,o1ed2qxk,2019-03-15,2018 DCJ the26th ALL JAPAN CHAMPIONSHIPS  SONIC LANCERS,,https://www.youtube.com/watch?v=SqI_ytiKohk,DrumcorpsfunTV,https://www.youtube.com/@DrumcorpsfunTV,
動画,マーチング団体等,PHOENIX REGIMENT,東京実業高等学校Phoenix Regiment Drum&Bugle Corps,o1nlulwf,2019-03-14,2018 DCJ the26th ALL JAPAN CHAMPIONSHIPS　PHOENIX REGIMENT,,https://www.youtube.com/watch?v=txqtGzVCbl8,DrumcorpsfunTV,https://www.youtube.com/@DrumcorpsfunTV,
動画,マーチング団体等,Tokyo Phoenix,Tokyo Phoenix Drum&Bugle Corps,ofza5wl,2019-03-14,2018 DCJ the26th ALL JAPAN CHAMPIONSHIPS Tokyo Phoenix,,https://www.youtube.com/watch?v=YrSV-lxIaWs,DrumcorpsfunTV,https://www.youtube.com/@DrumcorpsfunTV,
動画,マーチング団体等,Legend of Angels,Legend of ANGELS Drum&Bugle Corps,o1slw9jm,2019-03-14,2018 DCJ the26th ALL JAPAN CHAMPIONSHIPS Legend of Angels,,https://www.youtube.com/watch?v=ruN-aYnYigo,DrumcorpsfunTV,https://www.youtube.com/@DrumcorpsfunTV,
動画,マーチング団体等,IMPERIAL SOUND,Imperial Sound Drum&Bugle Corps,o1o6zc1c,2019-03-01,2018 DCJ the26th ALL JAPAN CHAMPIONSHIPS  IMPERIAL SOUND,,https://www.youtube.com/watch?v=dHmC9LcnW5M,DrumcorpsfunTV,https://www.youtube.com/@DrumcorpsfunTV,
動画,マーチング団体等,JOKERS,JOKERS,ojz17lo,2019-01-22,2018 DCJ the26th ALL JAPAN CHAMPIONSHIPS  JOKERS,,https://www.youtube.com/watch?v=HmJOtFPi7Pw,DrumcorpsfunTV,https://www.youtube.com/@DrumcorpsfunTV,
動画,マーチング団体等,SATSUKI DREAMERS Marchingband,SATSUKI DREAMERS Marchingband,o62ysud,2019-01-21,2018 DCJ the26th ALL JAPAN CHAMPIONSHIPS SATSUKI DREAMERS Marchingband,,https://www.youtube.com/watch?v=BymlQgIQqmc,DrumcorpsfunTV,https://www.youtube.com/@DrumcorpsfunTV,
動画,マーチング団体等,Yokohama INSPIRES ALMUNI,Yokohama INSPIRES Alumni Drum&Bugle Corps,o1hw02ly,2019-01-21,2018 DCJ the26th ALL JAPAN CHAMPIONSHIPS  Yokohama INSPIRES ALMUNI,,https://www.youtube.com/watch?v=EiY1Mp_BKVk,DrumcorpsfunTV,https://www.youtube.com/@DrumcorpsfunTV,
動画,マーチング団体等,FUKUOKA DreamScouts performance corps,FUKUOKA Dream Scouts performance corps,oom6uzj,2019-01-21,2018 DCJ the26th ALL JAPAN CHAMPIONSHIPS  FUKUOKA DreamScouts performance corps,,https://www.youtube.com/watch?v=f8G88z0tTH4,DrumcorpsfunTV,https://www.youtube.com/@DrumcorpsfunTV,
動画,マーチング団体等,LifeguardⅡ,LifeguardⅡ,o10jlr3a,2019-01-10,2018 DCJ the26th ALL JAPAN CHAMPIONSHIPS  LifeguardⅡ,,https://www.youtube.com/watch?v=6R4gjzHxLSo,DrumcorpsfunTV,https://www.youtube.com/@DrumcorpsfunTV,
動画,マーチング団体等,神奈川県立湘南台高等学校吹奏楽部 White Shooting Stars,神奈川県立湘南台高等学校吹奏楽部 White Shooting Stars,o1k1vb1f,2018-12-27,2018 DCJ the26th ALL JAPAN CHAMPIONSHIPS 神奈川県立湘南台高等学校吹奏楽部 White Shooting Stars,,https://www.youtube.com/watch?v=s1slPhJyUs8,DrumcorpsfunTV,https://www.youtube.com/@DrumcorpsfunTV,
動画,マーチング団体等,White Galaxy,White Galaxy,o1be1njj,2018-12-13,2018 DCJ the26th ALL JAPAN CHAMPIONSHIPS  White Galaxy,,https://www.youtube.com/watch?v=yYufM-YR0w4,DrumcorpsfunTV,https://www.youtube.com/@DrumcorpsfunTV,
動画,マーチング団体等,GENESIS,GENESIS,ooulsx2,2018-12-11,2018 DCJ the26th ALL JAPAN CHAMPIONSHIPS   GENESIS,,https://www.youtube.com/watch?v=3n0kSyCg19E,DrumcorpsfunTV,https://www.youtube.com/@DrumcorpsfunTV,
動画,マーチング団体等,Yokohama INSPIRES,Yokohama INSPIRES Drum&Bugle Corps,o1a32hho,2018-12-06,2018 DCJ the26th ALL JAPAN CHAMPIONSHIPS Yokohama INSPIRES,,https://www.youtube.com/watch?v=offjRFKMMsk,DrumcorpsfunTV,https://www.youtube.com/@DrumcorpsfunTV,
動画,マーチング団体等,鎌倉女子大学中等部・高等部マーチングバンド,鎌倉女子大学中等部・高等部マーチングバンド,o1fgqocl,2018-12-04,2018 DCJ the26th ALL JAPAN CHAMPIONSHIPS 鎌倉女子大学中等部・高等部マーチングバンド,,https://www.youtube.com/watch?v=V7Xib79C7kQ,DrumcorpsfunTV,https://www.youtube.com/@DrumcorpsfunTV,
動画,マーチング団体等,創価大学 Pride of SOKA,創価大学 Pride of SOKA,o1tgnnc4,2018-11-30,2018 DCJ the26th ALL JAPAN CHAMPIONSHIPS 創価大学 Pride of SOKA,,https://www.youtube.com/watch?v=yoSt3p6Fc_E,DrumcorpsfunTV,https://www.youtube.com/@DrumcorpsfunTV,
動画,マーチング団体等,THE YOKOHAMA SCOUTS,THE YOKOHAMA SCOUTS,oephwul,2018-11-29,2018 DCJ the26th ALL JAPAN CHAMPIONSHIPS  THE YOKOHAMA SCOUTS,,https://www.youtube.com/watch?v=XB0wjaeIOaI,DrumcorpsfunTV,https://www.youtube.com/@DrumcorpsfunTV,
動画,マーチング団体等,エニーキー 9位 つつじが丘ジュニアマーチングバンド,つつじが丘ジュニアマーチングバンド,o2jxvpo,2017-01-27,2016 DCJ the24th ALL JAPAN CHAMPIONSHIPS エニーキー 9位 つつじが丘ジュニアマーチングバンド,,https://www.youtube.com/watch?v=FFs2CxdYs7U,DrumcorpsfunTV,https://www.youtube.com/@DrumcorpsfunTV,
動画,マーチング団体等,エニーキー 8位 GENESIS,GENESIS,ooulsx2,2017-01-27,2016 DCJ the24th ALL JAPAN CHAMPIONSHIPS エニーキー 8位 GENESIS,,https://www.youtube.com/watch?v=kWxAaLvfVeY,DrumcorpsfunTV,https://www.youtube.com/@DrumcorpsfunTV,
動画,マーチング団体等,エニーキー 7位 SATSUKI DREAMERS Marchingband,SATSUKI DREAMERS Marchingband,o62ysud,2017-01-27,2016 DCJ the24th ALL JAPAN CHAMPIONSHIPS エニーキー 7位 SATSUKI DREAMERS Marchingband,,https://www.youtube.com/watch?v=kdnWClKa7e8,DrumcorpsfunTV,https://www.youtube.com/@DrumcorpsfunTV,
動画,マーチング団体等,エニーキー 6位 SENDAI Verdures,SENDAI Verdures,o126whaw,2017-01-27,2016 DCJ the24th ALL JAPAN CHAMPIONSHIPS エニーキー 6位 SENDAI Verdures,,https://www.youtube.com/watch?v=hMsxQbypluQ,DrumcorpsfunTV,https://www.youtube.com/@DrumcorpsfunTV,
動画,マーチング団体等,エニーキー 5位 LifeguardⅡ,LifeguardⅡ,o10jlr3a,2017-01-27,2016 DCJ the24th ALL JAPAN CHAMPIONSHIPS エニーキー 5位 LifeguardⅡ,,https://www.youtube.com/watch?v=CKYu_v7XArw,DrumcorpsfunTV,https://www.youtube.com/@DrumcorpsfunTV,
動画,マーチング団体等,エニーキー 10位 湘南ドルフィンズ・マーチングバンド,湘南ドルフィンズ・マーチングバンド,o1nov4hn,2017-01-27,2016 DCJ the24th ALL JAPAN CHAMPIONSHIPS エニーキー 10位 湘南ドルフィンズ・マーチングバンド,,https://www.youtube.com/watch?v=lNzAUK0-1go,DrumcorpsfunTV,https://www.youtube.com/@DrumcorpsfunTV,
動画,マーチング団体等,ドラムコー Div.Ⅱ 4位 Imperial Sound,Imperial Sound Drum&Bugle Corps,o1o6zc1c,2017-01-25,2016 DCJ the24th ALL JAPAN CHAMPIONSHIPS ドラムコー Div.Ⅱ 4位 Imperial Sound,,https://www.youtube.com/watch?v=F1h2OGU7IHE,DrumcorpsfunTV,https://www.youtube.com/@DrumcorpsfunTV,
動画,マーチング団体等,ドラムコー Div.Ⅱ 3位 PHOENIX REGIMENT,東京実業高等学校Phoenix Regiment Drum&Bugle Corps,o1nlulwf,2017-01-25,2016 DCJ the24th ALL JAPAN CHAMPIONSHIPS ドラムコー Div.Ⅱ 3位 PHOENIX REGIMENT,,https://www.youtube.com/watch?v=dE1gA9MQGUo,DrumcorpsfunTV,https://www.youtube.com/@DrumcorpsfunTV,
動画,マーチング団体等,ドラムコー Div.Ⅱ 2位 Legend of ANGELS,Legend of ANGELS Drum&Bugle Corps,o1slw9jm,2017-01-25,2016 DCJ the24th ALL JAPAN CHAMPIONSHIPS ドラムコー Div.Ⅱ 2位 Legend of ANGELS,,https://www.youtube.com/watch?v=f8TikBNRqM0,DrumcorpsfunTV,https://www.youtube.com/@DrumcorpsfunTV,
動画,マーチング団体等,ドラムコー Div.Ⅰ 4位 Yokohama Inspires Alumni,Yokohama INSPIRES Alumni Drum&Bugle Corps,o1hw02ly,2017-01-25,2016 DCJ the24th ALL JAPAN CHAMPIONSHIPS ドラムコー Div.Ⅰ 4位 Yokohama Inspires Alumni,,https://www.youtube.com/watch?v=XC3LpS95DUw,DrumcorpsfunTV,https://www.youtube.com/@DrumcorpsfunTV,
動画,マーチング団体等,ドラムコー Div.Ⅰ 3位 JOKERS,JOKERS,ojz17lo,2017-01-25,2016 DCJ the24th ALL JAPAN CHAMPIONSHIPS ドラムコー Div.Ⅰ 3位 JOKERS,,https://www.youtube.com/watch?v=TaCLZO_4yYk,DrumcorpsfunTV,https://www.youtube.com/@DrumcorpsfunTV,
動画,マーチング団体等,ドラムコー Div.Ⅰ 2位 Yokohama Inspires,Yokohama INSPIRES Drum&Bugle Corps,o1a32hho,2017-01-25,2016 DCJ the24th ALL JAPAN CHAMPIONSHIPS ドラムコー Div.Ⅰ 2位 Yokohama Inspires,,https://www.youtube.com/watch?v=hK0MrXsAww8,DrumcorpsfunTV,https://www.youtube.com/@DrumcorpsfunTV,
動画,マーチング団体等,エニーキー 4位 White Galaxy,White Galaxy,o1be1njj,2017-01-25,2016 DCJ the24th ALL JAPAN CHAMPIONSHIPS エニーキー 4位 White Galaxy,,https://www.youtube.com/watch?v=kjv-mVhsAiU,DrumcorpsfunTV,https://www.youtube.com/@DrumcorpsfunTV,
動画,マーチング団体等,エニーキー 3位 鎌倉女子大学中等部・高等部マーチングバンド,鎌倉女子大学中等部・高等部マーチングバンド,o1fgqocl,2017-01-25,2016 DCJ the24th ALL JAPAN CHAMPIONSHIPS エニーキー 3位 鎌倉女子大学中等部・高等部マーチングバンド,,https://www.youtube.com/watch?v=_I6M4GNp4bc,DrumcorpsfunTV,https://www.youtube.com/@DrumcorpsfunTV,
動画,マーチング団体等,エニーキー 2位 創価大学 Pride Of SOKA,創価大学 Pride of SOKA,o1tgnnc4,2017-01-25,2016 DCJ the24th ALL JAPAN CHAMPIONSHIPS エニーキー 2位 創価大学 Pride Of SOKA,,https://www.youtube.com/watch?v=qNDo4ewjs10,DrumcorpsfunTV,https://www.youtube.com/@DrumcorpsfunTV,
動画,マーチング団体等,エニーキー 1位 神奈川県立湘南台高校吹奏楽部 White Shooting Stars,神奈川県立湘南台高等学校吹奏楽部 White Shooting Stars,o1k1vb1f,2017-01-25,2016 DCJ the24th ALL JAPAN CHAMPIONSHIPS エニーキー 1位 神奈川県立湘南台高校吹奏楽部 White Shooting Stars,,https://www.youtube.com/watch?v=BGO8p2PAArs,DrumcorpsfunTV,https://www.youtube.com/@DrumcorpsfunTV,
動画,マーチング団体等,(ゲスト団体)関東学院マーチングバンド,関東学院マーチングバンド,o1u9zfon,2017-01-25,2016 DCJ the24th ALL JAPAN CHAMPIONSHIPS (ゲスト団体)関東学院マーチングバンド,,https://www.youtube.com/watch?v=VIMHDKo30qE,DrumcorpsfunTV,https://www.youtube.com/@DrumcorpsfunTV,
動画,マーチング団体等,(ゲスト団体)横浜市立潮田中学校 YOKOHAMA Pacific Winds,横浜市立潮田中学校 YOKOHAMA Pacific Winds,ouczeoq,2017-01-25,2016 DCJ the24th ALL JAPAN CHAMPIONSHIPS (ゲスト団体)横浜市立潮田中学校 YOKOHAMA Pacific Winds,,https://www.youtube.com/watch?v=5MkIbfFRo54,DrumcorpsfunTV,https://www.youtube.com/@DrumcorpsfunTV,
動画,マーチング団体等,ドラムコー Div. ダイジェスト （出演順）,,,2016-12-07,2016 DCJ the24th ALL JAPAN CHAMPIONSHIPS ドラムコー Div. ダイジェスト （出演順）,,https://www.youtube.com/watch?v=ajQys2NWhQE,DrumcorpsfunTV,https://www.youtube.com/@DrumcorpsfunTV,
動画,マーチング団体等,エニーキー ダイジェスト（出場順後半）,,,2016-12-05,2016 DCJ the24th ALL JAPAN CHAMPIONSHIPS エニーキー ダイジェスト（出場順後半）,,https://www.youtube.com/watch?v=tf7orQZUcfU,DrumcorpsfunTV,https://www.youtube.com/@DrumcorpsfunTV,
動画,マーチング団体等,エニーキー ダイジェスト（出場順前半）,,,2016-12-05,2016 DCJ the24th ALL JAPAN CHAMPIONSHIPS エニーキー ダイジェスト（出場順前半）,,https://www.youtube.com/watch?v=Rw7dqJ3ete8,DrumcorpsfunTV,https://www.youtube.com/@DrumcorpsfunTV,
動画,マーチング団体等,Tokyo Phoenix,Tokyo Phoenix Drum&Bugle Corps,ofza5wl,2016-11-28,2016 DCJ the24th ALL JAPAN CHAMPIONSHIPS ドラムコー Div.Ⅱ 1位 Tokyo Phoenix,,https://www.youtube.com/watch?v=U2cJGeB5QWM,DrumcorpsfunTV,https://www.youtube.com/@DrumcorpsfunTV,
動画,マーチング団体等,ドラムコー Div.Ⅰ 1位 THE YOKOHAMA SCOUTS,,,2016-11-28,2016 DCJ the24th ALL JAPAN CHAMPIONSHIPS ドラムコー Div.Ⅰ 1位  THE YOKOHAMA SCOUTS,,https://www.youtube.com/watch?v=mtFwVHpLWyU,DrumcorpsfunTV,https://www.youtube.com/@DrumcorpsfunTV,
動画,マーチング団体等,ドラムコー部門 Div.Ⅰ 2位,,,2015-12-07,2015 DCJ the23rd ALL JAPAN CHAMPIONSHIPS ドラムコー部門 Div.Ⅰ 2位,,https://www.youtube.com/watch?v=3PgGR8c-UGA,DrumcorpsfunTV,https://www.youtube.com/@DrumcorpsfunTV,
動画,マーチング団体等,エニーキー部門 1位,,,2015-12-04,2015 DCJ the23rd ALL JAPAN CHAMPIONSHIPS エニーキー部門 1位,,https://www.youtube.com/watch?v=7RDDMRZBYik,DrumcorpsfunTV,https://www.youtube.com/@DrumcorpsfunTV,
動画,マーチング団体等,ドラムコー部門 Div.Ⅱ 1位,,,2015-11-30,2015 DCJ the23rd ALL JAPAN CHAMPIONSHIPS ドラムコー部門 Div.Ⅱ 1位,,https://www.youtube.com/watch?v=3-rHZqjjAWA,DrumcorpsfunTV,https://www.youtube.com/@DrumcorpsfunTV,
動画,マーチング団体等,ドラムコー部門 Div.Ⅰ 1位,,,2015-11-30,2015 DCJ the23rd ALL JAPAN CHAMPIONSHIPS ドラムコー部門 Div.Ⅰ 1位,,https://www.youtube.com/watch?v=iK9QdBa6niQ,DrumcorpsfunTV,https://www.youtube.com/@DrumcorpsfunTV,
動画,マーチング団体等,ダイジェスト ドラムコー部門,,,2014-11-28,2014 DCJ the22nd ALL JAPAN CHAMPIONSHIPS ダイジェスト ドラムコー部門,,https://www.youtube.com/watch?v=0Yo-pn8oGuo,DrumcorpsfunTV,https://www.youtube.com/@DrumcorpsfunTV,
動画,マーチング団体等,ドラムコー部門 DIVISION Ⅱ,,,2014-11-26,2014 DCJ the22nd ALL JAPAN CHAMPIONSHIPS ドラムコー部門 DIVISION Ⅱ,,https://www.youtube.com/watch?v=W5ZeZmXgIL4,DrumcorpsfunTV,https://www.youtube.com/@DrumcorpsfunTV,
動画,マーチング団体等,ドラムコー部門 DIVISION Ⅰ,,,2014-11-26,2014 DCJ the22nd ALL JAPAN CHAMPIONSHIPS ドラムコー部門 DIVISION Ⅰ,,https://www.youtube.com/watch?v=buEu2VZC2UE,DrumcorpsfunTV,https://www.youtube.com/@DrumcorpsfunTV,
動画,マーチング団体等,ダイジェスト エニーキー部門,,,2014-11-26,2014 DCJ the22nd ALL JAPAN CHAMPIONSHIPS ダイジェスト エニーキー部門,,https://www.youtube.com/watch?v=xHpvdI4DV1A,DrumcorpsfunTV,https://www.youtube.com/@DrumcorpsfunTV,
動画,マーチング団体等,21st CHAMPIONSHIP ダイジェスト ドラムコー部門,,,2013-12-04,2013 DCJ ALL JAPAN 21st CHAMPIONSHIP ダイジェスト　ドラムコー部門,,https://www.youtube.com/watch?v=2N2ia7oc008,DrumcorpsfunTV,https://www.youtube.com/@DrumcorpsfunTV,
動画,マーチング団体等,21st CHAMPIONSHIP ダイジェスト エニーキー部門,,,2013-12-02,2013 DCJ ALL JAPAN 21st CHAMPIONSHIP ダイジェスト　エニーキー部門,,https://www.youtube.com/watch?v=i3IIyRXoUzk,DrumcorpsfunTV,https://www.youtube.com/@DrumcorpsfunTV,
動画,マーチング団体等,21st CHAMPIONSHIP ドラムコー部門 DIVISION Ⅱ,,,2013-11-27,2013 DCJ ALL JAPAN 21st CHAMPIONSHIP ドラムコー部門 DIVISION Ⅱ,,https://www.youtube.com/watch?v=CRbfN-o2Rms,DrumcorpsfunTV,https://www.youtube.com/@DrumcorpsfunTV,
動画,マーチング団体等,21st CHAMPIONSHIP ドラムコー部門 DIVISION Ⅰ,,,2013-11-25,2013 DCJ ALL JAPAN 21st CHAMPIONSHIP ドラムコー部門 DIVISION Ⅰ,,https://www.youtube.com/watch?v=zIhEQukRO3Y,DrumcorpsfunTV,https://www.youtube.com/@DrumcorpsfunTV,
動画,マーチング団体等,エニーキー部門,,,2012-12-10,DCJ The 20th All Japan Championships エニーキー部門,,https://www.youtube.com/watch?v=2FqRdVhdY8E,DrumcorpsfunTV,https://www.youtube.com/@DrumcorpsfunTV,
動画,マーチング団体等,ドラムコー部門,,,2012-12-07,DCJ The 20th All Japan Championships ドラムコー部門,,https://www.youtube.com/watch?v=1izvOU8-Gns,DrumcorpsfunTV,https://www.youtube.com/@DrumcorpsfunTV,
動画,マーチング団体等,お会いしました,,,2012-11-26,20th DCJ All Japan Championships　お会いしました,,https://www.youtube.com/watch?v=YUt25VDYpfo,DrumcorpsfunTV,https://www.youtube.com/@DrumcorpsfunTV,
