ロゴ画像URL,チャンネル名,チャンネルURL,最新動画URL,最新動画タイトル,最新動画再生回数,最新動画配信日,動画視聴回数1位URL,動画視聴回数1位タイトル,動画視聴回数1位再生回数,動画視聴回数2位URL,動画視聴回数2位タイトル,動画視聴回数2位再生回数,動画視聴回数3位URL,動画視聴回数3位タイトル,動画視聴回数3位再生回数,動画視聴回数4位URL,動画視聴回数4位タイトル,動画視聴回数4位再生回数,最新LIVE URL,最新LIVEタイトル,最新LIVE再生回数,最新LIVE配信日,LIVE視聴回数1位URL,LIVE視聴回数1位タイトル,LIVE視聴回数1位再生回数,LIVE視聴回数2位URL,LIVE視聴回数2位タイトル,LIVE視聴回数2位再生回数,LIVE視聴回数3位URL,LIVE視聴回数3位タイトル,LIVE視聴回数3位再生回数,LIVE視聴回数4位URL,LIVE視聴回数4位タイトル,LIVE視聴回数4位再生回数
https://yt3.ggpht.com/BRozR2V0kVmzW5k76OX3AIpgm6CctbmqQO0AvXZxcvvnx96vHolaj7ndH4vqbhow0gQTufAEsQ=s800-c-k-c0x00ffffff-no-rj,マーチング祭®︎ / MIX3｜Sport of Sound.®︎,https://www.youtube.com/@marching-matsuri,https://www.youtube.com/watch?v=82ffR1Y1504,マーチング祭2026 湘南藤沢オープン｜2026/9/26,0,2026-09-09,https://www.youtube.com/watch?v=byFK70zKyj8,【YOKOHAMA ROBINS】YOKOHAMA FINAL 2025 【決勝/FINAL】,85809,https://www.youtube.com/watch?v=PS9EwM8QklA,【DAY2決勝】YOKOHAMA FINAL 2024,57806,https://www.youtube.com/watch?v=_uvfuu6QnzY,【湘南藤沢】2025 MARCHING祭  湘南藤沢オープン｜2025/9/27(sat),47382,https://www.youtube.com/watch?v=5eNg6S0ghFY,【YOKOHAMA ROBINS】YOKOHAMA FINAL 2024 Winners Show【4K HighCam】,45397,,,,,,,,,,,,,,,,
https://yt3.ggpht.com/ytc/AIdro_ncCdkIg_Zv83pDzqyW8QpLp40LNW23KHyDdZVapdf82w=s800-c-k-c0x00ffffff-no-rj,DrumcorpsfunTV,https://www.youtube.com/@DrumcorpsfunTV,https://www.youtube.com/watch?v=ktSQPm8RrJU,2025 DCJ ALL JAPAN CHAMPIONSHIPS FUKUOKA DreamScouts performance corps,1763,2026-03-18,https://www.youtube.com/watch?v=-cM0Wtjd5wY,2019 DCJ The27th ALL JAPAN CHAMPIONSHIPS 鎌倉女子大学中等部・高等部マーチングバンド,48559,https://www.youtube.com/watch?v=_P_fiJbOAtY,2019 DCJ The27th ALL JAPAN CHAMPIONSHIPS Yokohama INSPIRES,43158,https://www.youtube.com/watch?v=_zLm9ZlOTyo,2022 DCJ The28th ALL JAPAN CHAMPIONSHIPS THE YOKOHAMA SCOUTS,38286,https://www.youtube.com/watch?v=GGm35SIlVBk,湘南台高校吹奏楽部 White Shooting Stars 『BLOOM』,36207,,,,,,,,,,,,,,,,
https://yt3.ggpht.com/4V8UeldQv3hm0yyc42K7jxfzsl9hYem9ySRuzaZePb0OA5sR6-LtGG_J2ohenGj4eXsEYN_i=s800-c-k-c0x00ffffff-no-rj,マーチングバンド DER GLANZ,https://www.youtube.com/@derglanz6310,https://www.youtube.com/watch?v=Gcy-xkJr1DU,2026.08.08天童夏まつり マーチングパレード(ハイライト動画🎥),156,2026-08-12,https://www.youtube.com/watch?v=gvaHHRLwL1M,打楽器アンサンブル『舞姫』マーチングバンドピットパーカッション,8060,https://www.youtube.com/watch?v=OXSzRMCqWyw,【マーチング】ラプソディ・イン・ブルー【寒河江市立中部小学校】,5194,https://www.youtube.com/watch?v=i_4miJD7FNg,【マーチング】聖者の行進【寒河江市立中部小学校】,4806,https://www.youtube.com/watch?v=XBu9jh4EfZQ,【パーカッションアンサンブル】𝐓𝐢𝐦𝐞 𝐋𝐢𝐦𝐢𝐭【マーチングバンド】,3855,,,,,,,,,,,,,,,,
https://yt3.ggpht.com/3JLONW87rDfXXlT0x1GFTfyiAQ8EY0DZERXD3YJkr4UkhRHZhyIhxcDLCA8VT3LC1fIqI6jy=s800-c-k-c0x00ffffff-no-rj,allure,https://www.youtube.com/@allure_2022,https://www.youtube.com/watch?v=YQ_s52PCy-Q,【Marchig Matsuri Shonan Fujisawa Open 2025 Intermission】allure×Instant corps #marchingmatsuri #マーチング,181,2025-10-18,https://www.youtube.com/watch?v=R4XNQN_KWy4,"2024 allure Semifinals ""Echo of the Soul""~共鳴の旋律~ 第59回マーチングバンド関東大会",3330,https://www.youtube.com/watch?v=2ESFmUgxMnc,allure 2024 Echo of the Soul ~共鳴の旋律~ MarchingMatsuri Yokohama Final 12.28 MULTI-CAM｜FINAL ROUND,1258,https://www.youtube.com/watch?v=UTrtpj5rhMU,"allure 2024 Show Reveal  Hitachinaka , Ibaraki ( August , 25 )",1218,https://www.youtube.com/watch?v=6Q7xBO8Nnjg,allure 2024 Echo of the Soul ~共鳴の旋律~ Last Music Run-through #マーチング #allure2024,1154,,,,,,,,,,,,,,,,
https://yt3.ggpht.com/PSyAmFeaVyX9J8ccrfrwCIEgdOdTU2lGOB6MBJ2QPktloxXJAkcMTx8itOsUWGQYHrZQ4vpkFA=s800-c-k-c0x00ffffff-no-rj,THE YOKOHAMA SCOUTS,https://www.youtube.com/@theyokohamascouts/videos,https://www.youtube.com/watch?v=AWMQboR5slc,"2022 The Yokohama Scouts "" The Courage to Dream """,21984,2023-07-16,https://www.youtube.com/watch?v=mXrU1NYLPpE,"2021 The Yokohama Scouts "" Love Soldier """,29756,https://www.youtube.com/watch?v=AWMQboR5slc,"2022 The Yokohama Scouts "" The Courage to Dream """,21984,https://www.youtube.com/watch?v=84dnTpiNAsQ,LET THERE BE LIGHT 2022,5624,https://www.youtube.com/watch?v=M_yV_K86M0M,2022 The Yokohama Scouts : You'll never walk alone,4700,,,,,,,,,,,,,,,,
https://yt3.ggpht.com/ytc/AIdro_lU3z-MGYLZTfjBDFLjxS04ZqbTr37aqM8ctxN36zQSJ0I=s800-c-k-c0x00ffffff-no-rj,SRVanguardJP,https://www.youtube.com/@SRVanguardJP,https://www.youtube.com/watch?v=aAFuaVPafUA,創価ルネサンスバンガード 2023メインショー「粋・HOKUSAI〜一筆に込めた不屈の志(こころ)〜」,3737,2025-10-26,https://www.youtube.com/watch?v=QPCyYjuN3As,創価ルネサンスバンガード「第21回ビクトリーコンサート」フィナーレ,360132,https://www.youtube.com/watch?v=O_iHhg-dLeA,創価ルネサンスバンガード　東京スカイツリー「区民祝賀イベント」,295195,https://www.youtube.com/watch?v=W5IcAhc39Gw,創価ルネサンスバンガード 2016メインショー「STEAMPUNK～未来への発明～」第21回ビクトリーコンサート第3部,189581,https://www.youtube.com/watch?v=zikmQyjber8,創価ルネサンスバンガード 「第70回ライスボウル」ハーフタイムショー,185727,,,,,,,,,,,,,,,,
https://yt3.ggpht.com/PvhwzoI0XzR4RyuF0CATosNIlWhnzfc3k9RIhc8Fb4LyvZ7w5ygofIjzMRW2Cj-Ru7-337X9DQ4=s800-c-k-c0x00ffffff-no-rj,Aimachi Marching Band Official【愛町マーチングバンド】,https://www.youtube.com/@AimachiMarchingBandOfficial,https://www.youtube.com/watch?v=hZNbTItbd4I,愛町マーチングバンド2025 『中心 〜JOURNEY TO THE CORE〜』,45223,2025-12-14,https://www.youtube.com/watch?v=jrnvB2Qonns,愛町マーチングバンド 2023『AIと叡智の泉』,74809,https://www.youtube.com/watch?v=Y0JF5MYS3XU,愛町マーチングバンド 2024『時の勝利〜今を生きる〜』,53385,https://www.youtube.com/watch?v=hZNbTItbd4I,愛町マーチングバンド2025 『中心 〜JOURNEY TO THE CORE〜』,45223,https://www.youtube.com/watch?v=gyIi2rYy0e0,"愛町マーチングバンド 2022 ""『SDGs』未来のために〜希望の森""",35966,,,,,,,,,,,,,,,,
https://yt3.ggpht.com/ytc/AIdro_nlYEzD6_Hmq9h-KD7zHkbXmPXgjll3fR9WARLgY9fk5Q=s800-c-k-c0x00ffffff-no-rj,Dream Scouts,https://www.youtube.com/@dreamscouts5848,https://www.youtube.com/watch?v=Rg0X_kWoYcE,”BigThree” -snare ensemble-【FMドリスカ リスナー感謝祭】,1437,2024-03-28,https://www.youtube.com/watch?v=Rg0X_kWoYcE,”BigThree” -snare ensemble-【FMドリスカ リスナー感謝祭】,1437,https://www.youtube.com/watch?v=C3aVYW-JjgE,【メンバーインタビュー】キッカケはマーチングコンテスト！？メンバーの生の声をお伝えします！FMドリスカ#2-1,749,https://www.youtube.com/watch?v=yk1dM0EVeIA,FMドリスカ　リスナー感謝祭　公開収録直前SP#1,423,https://www.youtube.com/watch?v=A1aCsUOMbjU,【メンバーインタビュー】トランペットと言えば◯◯丸！？メンバーの生の声をお伝えします！FMドリスカ#2-2,341,,,,,,,,,,,,,,,,
https://yt3.ggpht.com/tJAyY2RojXKHRujsQkv3v_IPRO0R5P2dgsmmFgbWhkqvFu5ULSnJVoWGlRyN4ySRYGCmggY=s800-c-k-c0x00ffffff-no-rj,【公式】奈良学園大学マーチングバンド部 / NARAGAKU Marching Band,https://youtube.com/channel/UCBRNUdZOBQMPzotC_ROHCdg,https://www.youtube.com/watch?v=_ur45XX27Nc,奈良学園大学マーチングバンド部 2015『Beginning of the New World 新世界の始まり』,391,2026-07-13,https://www.youtube.com/watch?v=zcN9zMMtWGU,NARAGAKU Marching Band 2024『NanDeyanen!?～マイケル in 大阪～』,85963,https://www.youtube.com/watch?v=Zal6uS0H-Eo,NARAGAKU Marching Band 2023 『逃亡者Ⅱ since 2016』,60232,https://www.youtube.com/watch?v=dDuMiaQezKY,NARAGAKU Marching Band 2021 『Love & Peace』,59033,https://www.youtube.com/watch?v=Arizr4Kv8Fk,NARAGAKU Marching Band 2022 『BOLERO ～逆境からの復活～』,45469,,,,,,,,,,,,,,,,
https://yt3.ggpht.com/yCBptP1efK8s4Q-nBhUTmdgek6nPngVCHt7ckvRmFhj5r1qlWVA49vYQkPbQJsbU582HfsaQ8A=s800-c-k-c0x00ffffff-no-rj,吉祥院ザウルス　公式アカウント,https://www.youtube.com/@zaurus2019,https://www.youtube.com/watch?v=hlzJHEgLQes,2026年8月22日(土) 八木町盆踊り,258,2026-09-14,https://www.youtube.com/watch?v=WxGfuOs8pGk,Winter marching party 2025＠島津アリーナ,2433,https://www.youtube.com/watch?v=UBltCORqPQA,"吉祥院ザウルス 2025 ""Into the Dream"" マーチングバンド京都府大会",2131,https://www.youtube.com/watch?v=zCa5u1vBFNM,風になりたい #marching #drumline #マーチングバンド #band #吉祥院ザウルス #drums #京都 #drummer #神戸まつり #神戸まつりパレード #関西 #ブラス,1930,https://www.youtube.com/watch?v=_mXBbA7m1bw,Zaurus Concert vol.4,1902,,,,,,,,,,,,,,,,
https://yt3.ggpht.com/ytc/AIdro_lpdgGNSSX2PhwJBRWaBGoz2HmEFJ8jbByVIUa6wWOR9w=s800-c-k-c0x00ffffff-no-rj,WHITE GALAXY,https://www.youtube.com/@whitegalaxy2897,https://www.youtube.com/watch?v=l8F9K17MAfA,2020 WHITE GALAXY クリスマスメドレー【マーチングブラス＆パーカッション演奏】,740,2020-12-24,https://www.youtube.com/watch?v=6WXGK3eEpek,2016年5月　台湾遠征,17946,https://www.youtube.com/watch?v=r0y7EHWqnSs,2018年7月 天津遠征,956,https://www.youtube.com/watch?v=79tsWw_nUMc,2019年度　Dark Shadow,904,https://www.youtube.com/watch?v=l8F9K17MAfA,2020 WHITE GALAXY クリスマスメドレー【マーチングブラス＆パーカッション演奏】,740,,,,,,,,,,,,,,,,
https://yt3.ggpht.com/VQIujF9n2kyGtvSb5LTrXdab3rhKbbinx-Ko_Poj34Tl2yrybPX8oYDMe2vxdGRgNPnadb_U=s800-c-k-c0x00ffffff-no-rj,MARCHINGBAND COURAGE,https://www.youtube.com/@MarchingbandCourage,https://www.youtube.com/watch?v=lSm-i0pRZeA,MARCHING BAND COURAGE 2025 Sideshow【MOMENTUM】,493,2026-04-14,https://www.youtube.com/watch?v=Ati3mBWV-4g,Courage 2018年度大会曲『Song of Sailor and Sea』2018/11/04ドレスラン　クレージュ　マーチング,5541,https://www.youtube.com/watch?v=nDIDSipebTY,【COURAGE】2025.12.7 マーチングバンド全国大会 ※再アップ,5260,https://www.youtube.com/watch?v=iVntMV7EESE,2024 COURAGE マーチングバンド関東大会 2024.11.10 【El Fuego Furioso ~烈火の如く、舞い踊れ~】,4524,https://www.youtube.com/watch?v=SW2AK5Wq0Jo,【Courage 2021】IN THE DARK｜2021/11/07(sun) Rehearsal,4463,,,,,,,,,,,,,,,,
https://yt3.ggpht.com/U7d1FDKwulrkwri349o_xJqWzG6HmyEbSvex4TnDkq1op2AruZzKuiCHsY5ZxIZC_Rcq2Xlv=s800-c-k-c0x00ffffff-no-rj,GENESIS(ジェネシス) 一般マーチング,https://www.youtube.com/@MarchingBandGENESIS,https://www.youtube.com/watch?v=3DeziGx2qqo,【第51回全国大会】2023 show theme「@All」｜GENESIS【マーチング】,30014,2023-12-18,https://www.youtube.com/watch?v=NLB9zvYeEuM,【マーチング】関東大会2017【GENESIS】,33403,https://www.youtube.com/watch?v=3DeziGx2qqo,【第51回全国大会】2023 show theme「@All」｜GENESIS【マーチング】,30014,https://www.youtube.com/watch?v=yWgFIvIISgg,【GENESIS】Les Misérables / レ・ミゼラブル【マーチング｜吹奏楽】,28098,https://www.youtube.com/watch?v=LV0ZrymnnwQ,【マーチング全国大会2020】『XXI』~Reading Destiny~ 【GENESIS】,17017,,,,,,,,,,,,,,,,
https://yt3.ggpht.com/2zp9ZnYupQwHw6I2jRVZxLzeZiphXWHiBfertnrW9zv6rINc_7HxcAZxNNshmsPPOhWFitX3=s800-c-k-c0x00ffffff-no-rj,じぇねTUBE_マーチング情報,https://www.youtube.com/@genetube2018,https://www.youtube.com/watch?v=3rgxCdI8M4E,【本番直前】GENESIS LIVE2026ホールリハ,1643,2026-03-08,https://www.youtube.com/watch?v=6yYK1BmhjWY,\100万再生突破/もしも合奏中に知らない人が入ってきたらメンバーはどうする？〜マーチングバンドの場合〜,1255607,https://www.youtube.com/watch?v=xsizokgcJZI,【マーチング全国大会】GENESISリポート、まるば&ドリスカ登場!【本番映像あり：JAPAN CUP】,11263,https://www.youtube.com/watch?v=mafzef8kpKo,【トランペット】初心者向け！JAZZでのアドリブのやり方を習ってきた①〜リズミックアイディア〜,7646,https://www.youtube.com/watch?v=SqGehRQgyAQ,【DCJ本番】AJC2023でWInners SHOW！メンバーにGoPro付けてみた,7352,,,,,,,,,,,,,,,,
https://yt3.ggpht.com/nvDOheQjLtOwNQr7Y_CU6KY-zGTpuG7mQdpE7Fvrybiiee-yk2gyNITNHtSKoZrX9dVIyzhy=s800-c-k-c0x00ffffff-no-rj,Funliner Productions,https://www.youtube.com/@funlinerproductions7071,https://www.youtube.com/watch?v=IJN7dSQmmXA,these DCI hornlines are INSANE,16336,2026-09-24,https://www.youtube.com/watch?v=fFaRabeHRyw,A FIRST LOOK at Carolina Crown 2026 | Funliner Reacts,58140,https://www.youtube.com/watch?v=oOtzXx-Jfj4,BLUECOATS 2026 | Funliner Reacts,52815,https://www.youtube.com/watch?v=3yHBxXv_FjY,A FIRST LOOK at the 2026 Carolina Crown Brass,51931,https://www.youtube.com/watch?v=NGuFjAVdp7c,HUGE changes for DCI 2027,51741,,,,,,,,,,,,,,,,
https://yt3.ggpht.com/O8K8UuaqeJFKMEI5i4bTz5Ne30Sna2Z1taseIzOLkD-UVPu-xBTt0Sei8gzG36deXlODQefDqQ=s800-c-k-c0x00ffffff-no-rj,Yokohama INSPIRES Drum & Bugle Corps,https://www.youtube.com/@yokohamainspiresdrumbuglec9551,https://www.youtube.com/watch?v=gcdSqSGH3L8,INSPIRIT～Superhero～,4747,2025-03-25,https://www.youtube.com/watch?v=AReoxfKkLR0,2015 DCJ Championships Yokohama INSPIRES,25411,https://www.youtube.com/watch?v=HQmwtfPmTk4,DCJ the24th All Japan Championships Yokohama INSPIRES,20654,https://www.youtube.com/watch?v=gFHbdqS2yBQ,”All Rise” 2016.12.17　Rehearsal,11898,https://www.youtube.com/watch?v=HA_0l8kq5pY,"""LIFE ON FILM"" 2017.12.16 全国大会前日公開リハーサル",11661,,,,,,,,,,,,,,,,
https://yt3.ggpht.com/ytc/AIdro_n0Vohhs-4qynIgsb9EiLV8xJS8Vlr4Uv2ifOvt8L0N9Q=s800-c-k-c0x00ffffff-no-rj,SatsukiDreamersOrg,https://www.youtube.com/@SatsukiDreamersOrg,https://www.youtube.com/watch?v=SrHSVARVWY8,"【マーチング】[MB] 20251207 [JMBA National] KANUMA SATSUKI DREAMERS ""雨過天晴～芭蕉、おくのほそ道を往く～"" [Full]",2025,2025-12-31,https://www.youtube.com/watch?v=xF6NEcDDeZM,"【マーチング】20171105 [JMBA-Kanto] SATSUKI DREAMERS Marchingband 「家康～日光の深緑に眠る～」(Kanuma, Tochigi, Japan)",10638,https://www.youtube.com/watch?v=y95VFl6zZkU,"【マーチング】[MB] 20221211 [JMBA National] SATSUKI DREAMERS Marchingband ""Weiβ"" [Full]",6544,https://www.youtube.com/watch?v=kM39nyH69VE,"【マーチング】[MB] 20200105 [Winter Thanks Day] SATSUKI DREAMERS Marchingband ""天下乃妃～華胥の夢みし女たちの戦い～""",4758,https://www.youtube.com/watch?v=JTnt9ddx5Ys,"【マーチング】[MB] 20231210 [JMBA National] SATSUKI DREAMERS Marchingband ""八重～桜華の舞～"" [Full]",4720,,,,,,,,,,,,,,,,
https://yt3.ggpht.com/ytc/AIdro_lmOUAjg39Ayr9FtfstuBsCAYQ9BKRWvP0Aaw09BhbYjQ=s800-c-k-c0x00ffffff-no-rj,SENDAIVerdures,https://www.youtube.com/@SENDAIVerdures,https://www.youtube.com/watch?v=WFTu5moizog,SENDAI Verdures 金管七重奏「マンモス･ケーブの軌跡」,386,2026-03-31,https://www.youtube.com/watch?v=OshUuTvaVGA,SENDAI Verdures 2024年度全国大会「”V”reath of...」,8557,https://www.youtube.com/watch?v=FgY8vDtt-NA,SENDAI Verdures 2023年度全国大会「Force in HANDS」,4913,https://www.youtube.com/watch?v=dJbpKGsJiL0,SENDAI Verdures 金管四重奏「時の翼」,4816,https://www.youtube.com/watch?v=e18yN2ZaHq0,SENDAI Verdures 2025年度全国大会「”V”lizzard」,4696,,,,,,,,,,,,,,,,
https://yt3.ggpht.com/ytc/AIdro_lFHG8yQfh2js-lqx9Dg4zEmo6BQPViHn9Fo0F7uz1C2A=s800-c-k-c0x00ffffff-no-rj,IPUマーチングバンド 公式チャンネル,https://www.youtube.com/@ipu8028,https://www.youtube.com/watch?v=iylR_TPyLmo,IPU MARCHING BAND 2026 SHOW TITLE ,4449,2026-08-30,https://www.youtube.com/watch?v=0OlNDQ6fp6Q,甲子園！！クラーク野球部の応援に行ってきました！系列校3校で初戦から全力演奏！！,137058,https://www.youtube.com/watch?v=8fCjN8vmKIg,IPU MARCHING BAND 2023「Tango」Full shot Ver.,79949,https://www.youtube.com/watch?v=686nmSxpGBo,甲子園！！クラーク野球応援2回戦目！,65897,https://www.youtube.com/watch?v=scYWfsTJHoI,IPU MARCHING BAND 2024 「Casino」 Full shot Ver.,61137,,,,,,,,,,,,,,,,
https://yt3.ggpht.com/6DZfKq28AAR4JnzlpoInXUJz2j5nsKeSvw-Oi1t_iF3_a17wcgk0d8DcO2q7Uu7nSJ-Mou8SRQ=s800-c-k-c0x00ffffff-no-rj,TokyoPhoenix,https://www.youtube.com/@tokyophoenixdrumbuglecorps773,https://www.youtube.com/watch?v=bMYAfSOgvWs,2023 TP green leaves,683,2024-12-29,https://www.youtube.com/watch?v=_Zz4CX5yh10,2024 TP わらべうた,4591,https://www.youtube.com/watch?v=kTcgBZ1-7Jo,Tokyo Phoenix Join us! 東京フェニックス,1955,https://www.youtube.com/watch?v=OlKbUbuFZCw,2014 TP Door,1464,https://www.youtube.com/watch?v=oyog7Fa4M4Y,2016Tokyo Phoenix Watch The Beat and Tempo,1108,,,,,,,,,,,,,,,,
https://yt3.ggpht.com/ytc/AIdro_lUpwePhxQ7POHHdXqf6vjLtvE-dT52Avxns6WTGKTOWXM=s800-c-k-c0x00ffffff-no-rj,SONIC LANCERS,https://www.youtube.com/@soniclancers7729,https://www.youtube.com/watch?v=FtobkfJbzWw,SONIC LANCERS ソニック ランサーズ | GUEST【PRIDE OF ESTEAM】 | SONIC LANERS HEAVEN 2024' My JAM!,318,2025-06-16,https://www.youtube.com/watch?v=Bc2hjtjXYPs,SONIC LANCERS 2017.2.18 ステージマーチング全国大会2017 神奈川県民ホール,3319,https://www.youtube.com/watch?v=3CxU__-SIJU,SONIC LANCERS 2020 | Enemy in the Heart,1986,https://www.youtube.com/watch?v=Hp2GkWXT7qU,SONIC LANCERS ソニック ランサーズ | 2024 show | BRAVEHEART,1485,https://www.youtube.com/watch?v=x0vhnJyws2c,SONIC LANCERS LIVE!! 2014 「I」,997,,,,,,,,,,,,,,,,
https://yt3.ggpht.com/MmAlbVP6izufEBP1CQquLGQ0sz93LuAbU9WnKqMjcQIsyTkZgbB9ewrjpGjNwVH3jzpX3UDQZV0=s800-c-k-c0x00ffffff-no-rj,【 Legend TV 】マーチングバンド・Legend of ANGELS,https://www.youtube.com/@LegendofANGELSPR,https://www.youtube.com/watch?v=8R1H14J8JIs,【ライティング】フィールドアート2026【マーチング】,130,2026-02-03,https://www.youtube.com/watch?v=GlaY9Hb1xtY,Legend of ANGELS 2010 『Burn it All -迫り来る炎-』,6013,https://www.youtube.com/watch?v=L7PIG8K-GyY,Legend of ANGELS Recruit Movie,4002,https://www.youtube.com/watch?v=Oo7t18P7Xso,1時間チャレンジ～メロフォン吹いてみた～【マーチング】,1251,https://www.youtube.com/watch?v=rSeHu8iEjio,功夫 ～Ancient China Story～ (DCJ2013 Winners Show),948,,,,,,,,,,,,,,,,
https://yt3.ggpht.com/ytc/AIdro_nOgGiUB0uf_WVFHH7t2Jdywv9AMzrcemdGeJRspr2gkw=s800-c-k-c0x00ffffff-no-rj,JOKERS Drum & Bugle Corps,https://www.youtube.com/@jokers_dbc,https://www.youtube.com/watch?v=MQohaCSvaxg,A Fool in The mirror | Hands on the Land / JOKERS 【2025 HCD】,514,2026-03-22,https://www.youtube.com/watch?v=GDSYuniM7UE,a Bitter Sweet Life / JOKERS 【2019 Main Show】,10500,https://www.youtube.com/watch?v=Kt45tK2J4FY,爆奏戦隊ジョカレンジャー / JOKERS 【2021 Main Show】,4671,https://www.youtube.com/watch?v=KuRW_CiT_DE,Banana彗星の夜は / JOKERS 【2024 Main Show】 DCJ All Japan Championships,4026,https://www.youtube.com/watch?v=sC0hnImOnh4,Visible Invisible / JOKERS 【2022 Main Show】,4016,,,,,,,,,,,,,,,,
https://yt3.ggpht.com/ytc/AIdro_nzQydTjYWjf8zLG_iCuOymoj0tvYSkAno4Llex5GGX5Q=s800-c-k-c0x00ffffff-no-rj,【公式】京都橘高校吹奏楽部,https://www.youtube.com/@kyototachibana-SHSband,https://www.youtube.com/watch?v=X5HDN2x9iEk,京都橘高校吹奏楽部第62回定期演奏会 メイキング映像,113490,2026-05-19,https://www.youtube.com/watch?v=4MozbWYxjgo,京都橘高校吹奏楽部 台湾公演(マーチングステージ),964618,https://www.youtube.com/watch?v=ydS8kN3egxM,【完全版】2022台湾国慶節祝賀大会　京都橘高校吹奏部招待演奏,802774,https://www.youtube.com/watch?v=OAjAG3Q_9J8,【全国金賞】Reach the Peak − 京都橘高等学校（マーチングカーニバルin 別府）,717663,https://www.youtube.com/watch?v=9EOA-QoNu_0,京都橘高校吹奏楽部 台湾公演(座奏ステージ),486302,,,,,,,,,,,,,,,,
https://yt3.ggpht.com/1zEImVpy8U5MlBA9DPLy4ZYcu0gHgO2Dy_Hw3flxtUH5hKtK_fqfoBYd-yLZ8cPS2ajCw4jFkA=s800-c-k-c0x00ffffff-no-rj,星野学園中学・星野高校吹奏楽部マーチングバンド,https://www.youtube.com/@hoshino.marching,https://www.youtube.com/watch?v=4Yk4MmcbXIw,星野マーチング2023「TAKETORI」（2023年11月6日）,1865,2026-09-15,https://www.youtube.com/watch?v=MK6wdEceDgI,星野マーチング2025「Punks」（2025年11月17日）,2390,https://www.youtube.com/watch?v=4Yk4MmcbXIw,星野マーチング2023「TAKETORI」（2023年11月6日）,1865,https://www.youtube.com/watch?v=X-8wennOnWE,新入生歓迎発表（2026年4月10日）,1729,,,,,,,,,,,,,,,,,,,
https://yt3.ggpht.com/ytc/AIdro_kkqIMLjlGuvjDKpOv-6vHEIhEcYWbyKyGmtDmJcPCuiQ=s800-c-k-c0x00ffffff-no-rj,農大二高吹奏楽部エメラルドナイツ,https://youtube.com/channel/UCBeLVZz52RfizavumDvRiFA,https://www.youtube.com/watch?v=FpnCNTURvqQ,農大二高：「インフェルノ・トゥ・ヘブン」（第68回定期演奏会）,6632,2026-04-03,https://www.youtube.com/watch?v=Gpy5WZBjKzE,第47回マーチングバンド全国大会 Return my smile 2019年12月15日／農大二高 吹奏楽部 エメラルドナイツ,133636,https://www.youtube.com/watch?v=Ut58F7FMxBQ,第50回マーチングバンド全国大会(2022)／農大二高 吹奏楽部 エメラルドナイツ,103269,https://www.youtube.com/watch?v=dUv5A_lwY1s,第51回マーチングバンド全国大会 2023年 (Extreme make-over),91673,https://www.youtube.com/watch?v=kxSP8BI-M_E,農大二高：第52回マーチングバンド全国大会（2024年）,70461,,,,,,,,,,,,,,,,
https://yt3.ggpht.com/pOKCLGAYSw4gPBC52qQE2klAqvLaCuyPAT9DSSiYMWLkX_KTJYgEeqXtyN70aMU40Ahoeu_jQWc=s800-c-k-c0x00ffffff-no-rj,県岐商吹奏楽部YouTubeチャンネル,https://www.youtube.com/@Gifushoband,https://www.youtube.com/watch?v=v0i8LFKTzWM,JUNGLIA  / GIFUSHO BAND MARCHING SHOW 2025,17514,2025-12-12,https://www.youtube.com/watch?v=6b3dKm_guZQ,新劇場版ルパン三世『囚われのL TRAP』/ GIFUSHO BAND MARCHING SHOW 2019,32466,https://www.youtube.com/watch?v=0AqeQr9Wg3M,「新世界へ」８分フルショー (4K),26972,https://www.youtube.com/watch?v=VtSY6EZ8Jzc,マーチング東海大会 県岐商吹奏楽部 眠れる森のＭ 2015 10 25,23949,https://www.youtube.com/watch?v=M9sXhUScAZQ,Club Burlesque / GIFUSHO BAND MARCHING SHOW 2024,20906,,,,,,,,,,,,,,,,
https://yt3.ggpht.com/ytc/AIdro_msmN_Lb4zLraezsZCmye6OOOsReAPqdwoPdr-oyQ5N1b0=s800-c-k-c0x00ffffff-no-rj,OBBCchannel,https://www.youtube.com/@OBBCchannel,https://www.youtube.com/watch?v=ujKpVdXHW8I,2026 大濠高校 パレードコンテスト 【 ホリ・ストーリー 】,9438,2026-06-28,https://www.youtube.com/watch?v=9Qh2uaW_SFc,2020 大濠高校 マーチング 「HANDS」,39961,https://www.youtube.com/watch?v=MxQpmFvITZ8,2017 大濠高校 マーチング 「光の射す方へ」,38502,https://www.youtube.com/watch?v=OBnXts6GI-M,"2015 大濠高校 マーチング ""CHAKRA""",38306,https://www.youtube.com/watch?v=00c0Ifn4iVA,2019 大濠高校 マーチング 「UNBA∠ANCE」,36707,,,,,,,,,,,,,,,,
https://yt3.ggpht.com/bMJLwyx_9dJcxkUMM4XnT3EJuYnnjLE-1Ct8usH0PneVH1zsDnKZvGAX7AQ39kSTFCpliqMuiQ=s800-c-k-c0x00ffffff-no-rj,京都両洋高等学校吹奏楽部,https://www.youtube.com/@RYOYO_wind-band,https://www.youtube.com/watch?v=lvEm28TXWMw,【祝★全国出場決定!!】INTO THE LIGHT!／京都両洋高校吹奏楽部,12374,2026-09-23,https://www.youtube.com/watch?v=8mcZOsfaLQU,【演奏してみた】夜に駆ける(YOASOBI)／京都両洋高校吹奏楽部,168458,https://www.youtube.com/watch?v=Qpp2oDsZlM0,華麗なる舞曲／京都両洋高校吹奏楽部,73336,https://www.youtube.com/watch?v=1T-rKGBlZ78,【関西大会金賞!!】宇宙の音楽／京都両洋高校吹奏楽部,50296,https://www.youtube.com/watch?v=WTozSszFZRs,甲子園ブラスバンドフェスティバル2025【全団体収録ver】,37216,,,,,,,,,,,,,,,,
https://yt3.ggpht.com/jXZf_I4ZW1scAycsYV78lCILE7tAyGkAhYFnN4yibLJ-BriFOwijJVNrovSKL36ryhAoYFqv=s800-c-k-c0x00ffffff-no-rj,【公式】大阪府立淀川工科高等学校吹奏楽部,https://www.youtube.com/@Yodogawa.t.h.s_band/videos,https://www.youtube.com/watch?v=qYIJXG_XDUg,【淀工OB吹奏楽団】アメリカングラフィティーXV（2017）,26306,2024-04-03,https://www.youtube.com/watch?v=qYIJXG_XDUg,【淀工OB吹奏楽団】アメリカングラフィティーXV（2017）,26306,https://www.youtube.com/watch?v=85z2E5MM6JA,【淀工吹奏楽部】1000人の合同演奏 アルメニアンダンス・パートⅠ（2009）,22604,https://www.youtube.com/watch?v=oKRQSZkCSh4,【淀工吹奏楽部】歌劇「アイーダ」第二幕より 凱旋行進曲とバレエ音楽（2022）,19165,https://www.youtube.com/watch?v=qrRESxrwHm8,【淀工吹奏楽部】コンサートマーチ Number1（2017）,11678,,,,,,,,,,,,,,,,
https://yt3.ggpht.com/ytc/AIdro_lQmPoH_ao1GTqr4v9juqyEGg1SHZZGgiKwYOEfwFLA5RM=s800-c-k-c0x00ffffff-no-rj,活水中学校・高等学校吹奏楽部,https://www.youtube.com/@kwassui-chuko-brass,https://www.youtube.com/watch?v=90PDq361-II,活水中学校・高等学校吹奏楽部 2026年8月演奏ダイアリー,2359,2026-09-15,https://www.youtube.com/watch?v=I53RBNYu1lQ,活水中学校・高等学校吹奏楽部 2025年10月演奏ダイアリー📔,13980,https://www.youtube.com/watch?v=LNAhzpHL99w,活水中学校・高等学校吹奏楽部 2023年10月演奏ダイアリー📔,10619,https://www.youtube.com/watch?v=msjXaMebH34,活水中学校・高等学校吹奏楽部 2023年11月演奏ダイアリー📔,10598,https://www.youtube.com/watch?v=Og_wSvWaXI4,活水中学校・高等学校吹奏楽部 2024年11月演奏ダイアリー📔,9519,,,,,,,,,,,,,,,,
https://yt3.ggpht.com/uxOfLbCCtQ_5vIgaKccVUBk1TaZkpRjY1M79D-S0rLIealXvLcYX-k_lyGOy4Ec-o7HKlVlD=s800-c-k-c0x00ffffff-no-rj,【公式】四條畷学園高等学校マーチングバンド Burning Bravers,https://www.youtube.com/@BurningBravers,https://www.youtube.com/watch?v=Yzo74NPJl8g,【Brave New World】四條畷学園高等学校マーチングバンド部 Burning Bravers,2595,2026-09-25,https://www.youtube.com/watch?v=Sq21w0Y7gyM,全国大会本番映像！【Tribal Force】四條畷学園高等学校 Burning Bravers 2023,83303,https://www.youtube.com/watch?v=13xI5jv2z4k,全国大会本番映像!!【Shining in the Dark】四條畷学園高等学校 Burning Bravers 2022,71800,https://www.youtube.com/watch?v=0StpoHfMvts,【Walking with Heroes】四條畷学園高等学校マーチングバンド Burning Bravers,40335,https://www.youtube.com/watch?v=nJdaypKzj_Q,全国大会本番映像！【Sparkle of LIFE】四條畷学園高等学校 Burning Bravers 2024,36691,,,,,,,,,,,,,,,,
https://yt3.ggpht.com/LlMQFOTaJmmT9wfQ09dKtHU0pIi7BSU9INSNOsxbKYLZNJiZtPpav7s9qfwcVyyECGcVA7Y7wg=s800-c-k-c0x00ffffff-no-rj,鵠沼高校マーチングバンド部 AlbireoNova,https://www.youtube.com/@AlbireoNova,https://www.youtube.com/watch?v=syoqtjwsGyI,【Albireo Nova 第4回定期演奏】鵠沼高校マーチングバンド部AN,458,2026-05-14,https://www.youtube.com/watch?v=m7fmM7LRraY,鵠沼高校マーチングバンド部AN2023 「Dracula : The king into the darkness 」,2341,https://www.youtube.com/watch?v=0VWxLDWkbU0,第59回 関東大会「銀翼〜空への挑戦〜」鵠沼高校マーチングバンド部AN2024,1794,https://www.youtube.com/watch?v=faU99xUKxJQ,マーチング祭 湘南藤沢「銀翼〜空への挑戦〜」鵠沼高校マーチングバンド部AN2024,935,https://www.youtube.com/watch?v=tRbc6Szj9mc,大和市民祭2025「QUGE ROCK」鵠沼高校マーチングバンド部AN,818,,,,,,,,,,,,,,,,
https://yt3.ggpht.com/3SLkgiq4bFC7mlreoyD_0FgMrh33uFlKDZ_R0nm70JMP9mVqY01aXHX058I5GtnUE54x7m0KhA=s800-c-k-c0x00ffffff-no-rj,GracefulSpirit CHIBAKEIAI MarchingBand,https://www.youtube.com/@ckgs_marchingband,https://www.youtube.com/watch?v=YP1oERLuqeY,S.P.Y ～Secret party of yokefellow～ Full Show multi cam 【Graceful Spirit 2024】,1528,2025-09-08,https://www.youtube.com/watch?v=LmJn9Gmpq-g,【GracefulSpirit2023】Promotion Video 最後の審判 〜The Last Judgment〜Chiba Keiai High School Marchingband,2134,https://www.youtube.com/watch?v=PgBCrS1opuI,【4K】Graceful Spirit 2023 Spiring Movie [Chiba Keiai Marching Band],1808,https://www.youtube.com/watch?v=YP1oERLuqeY,S.P.Y ～Secret party of yokefellow～ Full Show multi cam 【Graceful Spirit 2024】,1528,https://www.youtube.com/watch?v=Dru68QzHrNg,【4K】Graceful Spirit 2024 Spiring Movie Chiba Keiai Marching Band,616,,,,,,,,,,,,,,,,
https://yt3.ggpht.com/ytc/AIdro_ngpuK8bgY9hBURoYBzAYWRiETwUmhjC5xV1FZPlbX_iQ=s800-c-k-c0x00ffffff-no-rj,Shonandai HS Marching Band White Shooting Stars,https://www.youtube.com/@ShonandaiWSS,https://www.youtube.com/watch?v=dA7FSojZnCo,"湘南台高校WSS 2025 ""CoMiX"" JMBA The 53rd National Championship",24483,2025-12-12,https://www.youtube.com/watch?v=bUCbvAQrejI,「ももクロメドレー」 湘南台高校吹奏楽部 White Shooting Stars,197254,https://www.youtube.com/watch?v=mGLsVLUdJFU,"湘南台高校WSS 2018 ""Mantisax"" JMBA The 46th National Championship",138857,https://www.youtube.com/watch?v=PVnDVvPwdV8,"湘南台高校WSS 2019 ""Shooting Stars""  JMBA The 47th National Championship",134109,https://www.youtube.com/watch?v=23rU-72g7To,"湘南台高校WSS 2017 ""Bees Alive"" JMBA The 45th National Championship",126671,,,,,,,,,,,,,,,,
https://yt3.ggpht.com/6dv1dDywOMt4bPkleavrVySemLP4gc-z0Ym8xtPYpO2DBtoFEyRVSn2zMcJTKwVT4ZXgaUDbQw=s800-c-k-c0x00ffffff-no-rj,関東学院マーチングバンド,https://www.youtube.com/@kgmb1952,https://www.youtube.com/watch?v=DquZvYS9QLg,【Inside KGMB】 vol.45「ザ よこはまパレード2026」（横浜開港記念みなと祭 国際仮装行列）上を向いて歩こう・伊勢佐木町ブルース・ブルーライトヨコハマ,954,2026-06-30,https://www.youtube.com/watch?v=OE0Le1DYzmw,「KOOL！！-Steps Go On-」関東学院マーチングバンド｜KANTO GAKUIN MARCHINGBAND,16628,https://www.youtube.com/watch?v=dYxsDNRN_Dg,【Inside KGMB】 vol.25「YOKOHAMA B-Block Fes」出演（横浜、関内、カラーガード、ドラムライン）｜関東学院マーチングバンド,12762,https://www.youtube.com/watch?v=vR0KnXY028g,【マーチング全国大会】 関東学院マーチングバンド 2024「INTO YOU -Vincent Van Gogh-」｜JMBA The 52th National Championship,12533,https://www.youtube.com/watch?v=BiPYUkR3a1w,【マーチング全国大会】2023 関東学院マーチングバンド「RISE UP!!」｜JMBA The 51th National Championship,10102,,,,,,,,,,,,,,,,
https://yt3.ggpht.com/N54Z2xUWK34EV2VFamAuNUjQ0q5m7VxfW0tS-Lb3bB39oSumhrlDwmWX3f194SvXHZ2m2mZRPw=s800-c-k-c0x00ffffff-no-rj,青鷹TV,https://www.youtube.com/@aotaka-TV,https://www.youtube.com/watch?v=JhgyKp9rhh4,「影法師」　｜青鷹2025 season,17790,2026-03-05,https://www.youtube.com/watch?v=7EhiV5AOaVM,青鷹 2019 【天下布武~下天の夢 NOBUNAGA~】関東Ver.,145332,https://www.youtube.com/watch?v=yEsZGKRytNM,Oarai High School Marching Band [BLUE-HAWKS] 2020「孤独な烏は一羽寂しく羽根を休める」,112797,https://www.youtube.com/watch?v=8c2Txear9C4,【青鷹2022】弁慶,102622,https://www.youtube.com/watch?v=XPye-M5zBkk,Oarai High school Marching Band「BLUE-HAWKS」2019 全国大会,99966,,,,,,,,,,,,,,,,
https://yt3.ggpht.com/ytc/AIdro_k1ECB0Aby7Y_eSaaBl_z250k-ZIMOcuKd9R_ek4A3JBw=s800-c-k-c0x00ffffff-no-rj,滝川第二高等学校吹奏楽部[公式チャンネル],https://youtube.com/channel/UCNnXTXxa3qpNR6tWSfJ4WlA,https://www.youtube.com/watch?v=lTutjV8ncxw,滝川第二高等学校吹奏楽部［WEBオープンスクール2026］,2325,2026-06-22,https://www.youtube.com/watch?v=lTutjV8ncxw,滝川第二高等学校吹奏楽部［WEBオープンスクール2026］,2325,,,,,,,,,,,,,,,,,,,,,,,,,
https://yt3.ggpht.com/_uOd05YxsfVyaWYFihgQPwSJTWz2h-3H54ZadiQIKqPP3ya3Dulo_edGoVmcrun92nFdnuN8Yg=s800-c-k-c0x00ffffff-no-rj,【公式】PHOENIX Alumni,https://www.youtube.com/@P-Regiment.Alumni,https://www.youtube.com/watch?v=TbKA95P1y70,東京都大会　東京実業高等学校Phoenix Regiment,464,2025-11-28,https://www.youtube.com/watch?v=dMh4dhgwEuM,2025/11/09 関東大会　東京実業高等学校Phoenix Regiment,1033,https://www.youtube.com/watch?v=6RQHqZCfFZ8,2025年度7月20日ボールコートマーチング　東京実業高等学校Phoenix Regiment,784,https://www.youtube.com/watch?v=mSZXvAadsEc,2023/11/12 第58回関東大会,679,https://www.youtube.com/watch?v=fDPreRtNRFg,2024/05/12 第3回横山南マーチングフェスティバル,663,,,,,,,,,,,,,,,,
https://yt3.ggpht.com/d-uDe0fHCrXtlxk8CgWg-C2RH7DyVhtcjMgFY01VyqcXucZd_7cSj9CFsmFm-7nhd6JlrgP1=s800-c-k-c0x00ffffff-no-rj,加藤学園高校吹奏楽部 Blue Wings【公式】,https://www.youtube.com/@Bluewings-6630,https://www.youtube.com/watch?v=21X2FtXmb-4,加藤学園吹奏楽部 Blue Wings 2026 新入生歓迎マーチングステージ Ocean Blue ,1591,2026-04-15,https://www.youtube.com/watch?v=qcfhEtWHoyk,加藤学園高校 Blue Wings 東海大会 2023 show(New York Rhapsody),8270,https://www.youtube.com/watch?v=XkUu4stYOHE,加藤学園高校 Blue Wings 東海大会 2024 show(KANON - piece of peace -),5610,https://www.youtube.com/watch?v=AxuJJkymyg4,加藤学園高校 BlueWings 2025show(FUJI ROCK JAPAN),4930,https://www.youtube.com/watch?v=DFdqCToKeLc,VIVAカトガク！加藤学園 部活動壮行会(2023.4.10),2934,,,,,,,,,,,,,,,,
https://yt3.ggpht.com/T_oSap_a1Pqyorcpfm1FUs8v3KDKV0x6NncXcDH5dB6EZ2AWwPMt3kbIwSMLnDjeAn3a9EPzyA=s800-c-k-c0x00ffffff-no-rj,美濃加茂高等学校マーチングバンド部Brilliant Max,https://www.youtube.com/@Brilliant_Max,https://www.youtube.com/watch?v=FXChc9vsE_0,美濃加茂高等学校 Brilliant Max 2025「Green Red Black」,7917,2025-12-09,https://www.youtube.com/watch?v=CYWUA7eevag,美濃加茂高等学校Brilliant Max 2023 ｢GAME｣,17117,https://www.youtube.com/watch?v=FXChc9vsE_0,美濃加茂高等学校 Brilliant Max 2025「Green Red Black」,7917,https://www.youtube.com/watch?v=iBQiPb76wiI,美濃加茂 東海大会 2023,3451,https://www.youtube.com/watch?v=TQVTZtMp940,美濃加茂高等学校Brilliant Max 2022 「Brilliant Circus」,3156,,,,,,,,,,,,,,,,
https://yt3.ggpht.com/ytc/AIdro_nik7ZBCk-VNAXQNu8wOQ8lNNsiuL-FNKlQego_HbfNMgI=s800-c-k-c0x00ffffff-no-rj,精華女子高等学校吹奏楽部,https://youtube.com/channel/UC7tSqrQO7t-RsZhEX0HOmtg,https://www.youtube.com/watch?v=o_rkihIlKGQ,【SeikaBrassからの贈り物】🎅🏻✨メリークリスマス✨🎅🏻,3676,2023-12-25,https://www.youtube.com/watch?v=SsEjYtxB50k,【オンラインサマーコンサート2022 Vol.8】マーチングステージ　精華女子高等学校吹奏楽部(Seika Girls' High School),108994,https://www.youtube.com/watch?v=iFWiYUtzmgU,SEIKA☆吹奏楽部♪「ディスコ・キッド」♪,99444,https://www.youtube.com/watch?v=8tuh8ueu0Qk,精華女子高等学校吹奏楽部 　マーチング「Anam Cara」Seika Girls’ High School,80886,https://www.youtube.com/watch?v=nuy-NDPtxkc,開演前！お待ちいただいているお客様をwelcome演奏でおもてなし 💕,71697,,,,,,,,,,,,,,,,
https://yt3.ggpht.com/-qm1SESFaZc29p16UBCpNUCjtH8S6_c7HQhhPwhwqs8Uu7f9vPJGn_FTyCJe3kWNG-ubIiPYKg=s800-c-k-c0x00ffffff-no-rj,高松中央高校吹奏楽部,https://www.youtube.com/@TCWO-TakamatsuChuoWO,https://www.youtube.com/watch?v=jJ3HYy_r5mk,Sing Sing Sing／高松中央高校吹奏楽部 R8.5.31「高松ジェンヌコンサート〜Emotions with 宝塚OG〜」に出演！,3214,2026-06-23,https://www.youtube.com/watch?v=UtgtCJ-Agmg,高松中央高校吹奏楽部 ハーフタイムショー「日本ハンドボールリーグ」／香川銀行 GiraSol 対 大阪ラヴィッツ,34487,https://www.youtube.com/watch?v=QzejJydjcvc,【全国大会出場決定！】2025全日本マーチングコンテスト 高松中央高校吹奏楽部♪,26478,https://www.youtube.com/watch?v=Uizy3guUhYk,【高松中央高校吹奏楽部】動物愛護ピースマイルフェスタ／瀬戸内大橋記念公園,4244,https://www.youtube.com/watch?v=OLJO4U2TZ90,高松中央高校吹奏楽部　銀星の家　創立記念イベントR7.4.20,3943,,,,,,,,,,,,,,,,
https://yt3.ggpht.com/3hIWTfCNULGPTQkLy26GRYhF1T_G6n6GOv8ISOHRqFEsCz8gI6HRXehx5Uqo9_QrZTedRaIjwg=s800-c-k-c0x00ffffff-no-rj,つつじが丘ジュニアマーチングバンド,https://www.youtube.com/@tsutsujigaoka,https://www.youtube.com/watch?v=ggZ8mrtBdDE,Thank you 2025 振り返り,670,2026-03-31,https://www.youtube.com/watch?v=rAV8C1i8XNw,2024.12.14 第52回マーチングバンド全国大会 つつじが丘ジュニアマーチングバンド,8831,https://www.youtube.com/watch?v=ULiHng4pD5E,第53回マーチングバンド全国大会「Tango Noir」,6176,https://www.youtube.com/watch?v=NkwRZwdARk8,【マーチングの世界を体感】つつじが丘ジュニアマーチングバンド　メロフォン目線,5804,https://www.youtube.com/watch?v=PSZfuy5j778,東海大会2023つつじが丘ジュニアマーチングバンド『VS』,3877,,,,,,,,,,,,,,,,
https://yt3.ggpht.com/l5kTwXxpsYYCsPxoeGOpimouzSoMZS3IIpY_4G89GaX64cpr2-WKx5UE7ygIXANZ4UhduLYp-A=s800-c-k-c0x00ffffff-no-rj,うるま市立高江洲小学校マーチングバンド部,https://youtube.com/channel/UC-gsSr7AOZoaLg51t8YD5fg,https://www.youtube.com/watch?v=Fl9OrVtxS2w,2026.8.23  豊原区祭り,491,2026-08-23,https://www.youtube.com/watch?v=x_0XKAN79OM,第53回マーチングバンド全国大会「 ¡Arsa Flamenca! 」 2025年12月6日（土）,5254,https://www.youtube.com/watch?v=e5bf8JFXNfg,2024.2.18ドレリハ,1154,https://www.youtube.com/watch?v=r9Jpge8aqs8,マーチング＆バトンinオキナワ 2023　23/11/5,1086,https://www.youtube.com/watch?v=dV0W50_OFe4,第52回マーチングバンド全国大会　「ALOHA　～モアナと伝説の海より～ 」,1057,,,,,,,,,,,,,,,,
https://yt3.ggpht.com/eF20XLKRgBBGEL98bh-T3zlwwfo0A61ATYzVgn-uwDgT-1x9X6WJAJCWwr80F8hfLtdE8KNL2eE=s800-c-k-c0x00ffffff-no-rj,"綾北""Mercury winds""",https://www.youtube.com/@mercurywinds2651,https://www.youtube.com/watch?v=kzy0i-ew5CI,綾瀬市文化会館フェスティバル2026 出演,779,2026-05-24,https://www.youtube.com/watch?v=NVrCIe2uNgM,[Full shot]2024「Once Upon a Time in New York」全国大会出場動画,14627,https://www.youtube.com/watch?v=YbWhU5lq5og,[Full shot] 2022「Stand by your side～君のそばに～」全国大会出場動画,11535,https://www.youtube.com/watch?v=lsX671zaA50,[Full shot] 2023「戦国に生きた女たち」全国大会出場動画,11387,https://www.youtube.com/watch?v=hdqKD0IhZ8o,[Mix]2024「Once Upon a Time in New York」全国大会出場動画,10325,,,,,,,,,,,,,,,,
https://yt3.ggpht.com/0j_pRqOEvBv3dYaW0r7_y15p0lBIXl5QlciaEm59SdytrDHN3buIEaZkyhhWI0BUN-i8yZF-=s800-c-k-c0x00ffffff-no-rj,FloMarching,https://www.youtube.com/@FloMarching,https://www.youtube.com/watch?v=H7onpaAJmX8,2026 Santa Clara Vanguard 'With Reckless Abandon' Percussion Feature & Ballad at DCI Finals,343,2026-09-25,https://www.youtube.com/watch?v=Jwm29vnh_0w,2021 Phantom Regiment Full Show [with audio],363277,https://www.youtube.com/watch?v=e-GLRCV4ixI,Crown 2019 Tuning Sequence: DCI Finals,350211,https://www.youtube.com/watch?v=4l_xlpbnjgM,"Full Show: Phantom Regiment Alumni Corps - 70th Anniversary Show Including ""Spartacus"" At DCI 2026",139934,https://www.youtube.com/watch?v=xjlAlBohQtI,"Multi Cam: 2026 Carolina Crown ""The Doors of Perception"" At DCI World Championship Prelims -August 6",94455,,,,,,,,,,,,,,,,
https://yt3.ggpht.com/Wkd_sjCyDb8YbSK0KZNKRT7IQVmZnNbvI8KvIENyoRFTOC2FgMA8pMI-Ih_Ke_Q8VrpM-DwFdtk=s800-c-k-c0x00ffffff-no-rj,Drum Corps International,https://www.youtube.com/@DCI,https://www.youtube.com/watch?v=w9ev-p7BQ3g,How Accurate is Your Marching Step Size? 👟,2636,2026-09-25,https://www.youtube.com/watch?v=pTiuoeYK2Ho,2026 Drum Corps International World Championship Finals Awards Ceremony Presented by BEAM,80001,https://www.youtube.com/watch?v=HkLW5OyJpiM,2026 DCI World Championship Finals Scores,14305,https://www.youtube.com/watch?v=VxZ51TnnTZU,🏆 The Story of the 2026 World Champion Bluecoats,10021,https://www.youtube.com/watch?v=T495C8jpEUI,REACTION: Phantom Regiment 70th Anniversary Alumni Corps,6889,,,,,,,,,,,,,,,,
https://yt3.ggpht.com/suI8A4ug1NJEY2QxW-gVB5prCS0l2gwRC8YIdNBw9awfo5tiEjphnu6vAhdC4LJg5orQ-gubyA=s800-c-k-c0x00ffffff-no-rj,The Blue Devils,http://www.youtube.com/user/TheBlueDevils,https://www.youtube.com/watch?v=mIA2p6ybl8E,Blue Devils 2026 Drumline - DCI Finals Lot,6448,2026-09-01,https://www.youtube.com/watch?v=S3JKWEJylAQ,Blue Devils 2025 | DCI Finals Multi-Cam,139310,https://www.youtube.com/watch?v=ExtWkBjzJE0,The Blue Devils 2025 Official DCI Finals Multicam,94617,https://www.youtube.com/watch?v=zylQMxIgNN8,Blue Devils 2026 - ZEI (Official Multicam),87974,https://www.youtube.com/watch?v=M1kFFVankCM,BDLIVE26: Watch Family Day 2026,15768,,,,,,,,,,,,,,,,
https://yt3.ggpht.com/Dp1jR2SlpDm9wJc8Rkfk_pq11FpJPZ2VIVM-GTym2TeKzM35Je04xJ5ICJW0fz-VcL-JRTkD=s800-c-k-c0x00ffffff-no-rj,Bluecoats,http://www.youtube.com/user/CantonBluecoats,https://www.youtube.com/watch?v=9nZGvgJNO14,Gravity can’t hold us down 💫,3463,2026-08-09,https://www.youtube.com/watch?v=TYkSPuv64Ac,Creep - Courtney Swain Sings with 70+ Elite Brass Musicians,120694,https://www.youtube.com/watch?v=lZ51m1_O_GA,Welcome To The Bloo Pony Parade 🤘✨🎸💕,45728,https://www.youtube.com/watch?v=egO4CpL3Sko,Bluecoats Percussion Ensemble '25 - The Observer Effect,26807,https://www.youtube.com/watch?v=gxMfx-JNJKI,An Inside Look at Our 2026 Scenic Design,15107,,,,,,,,,,,,,,,,
https://yt3.ggpht.com/w2x-ebckkKeCw5FPO6yqnqkIEuNpoLu7vNpfEeyWnKGxDeQmrwEGdwhJAhWs9IrHevV1jvzxQQ=s800-c-k-c0x00ffffff-no-rj,Carolina Crown,http://www.youtube.com/user/carolinacrowntv,https://www.youtube.com/watch?v=dxmB5MZqwQk,Do What You Love,1418,2026-08-30,https://www.youtube.com/watch?v=iOE3Vlg3GS8,Carolina Crown 2025: ‘The Point of No Return’ DCI World Championships (Crown Media multi-cam),181545,https://www.youtube.com/watch?v=Za9ORzaCKVk,Carolina Crown 2025 Debut:  'The Point of No Return'  - CrownLIVE Performance (Multi Cam),89798,https://www.youtube.com/watch?v=1OqqyelS3cI,Carolina Crown 2025:  'The Point of No Return'  - NightBEAT Performance (Multi Cam),51085,https://www.youtube.com/watch?v=ObBRUGpIOss,Crown Drill Sets: Through The Years,36024,,,,,,,,,,,,,,,,
https://yt3.ggpht.com/sjNl3h3IH1JP4BVsUQKPgH6Hv1V4-p2fPbSPhV4VqxVXZagSKBzhoRqnT1bLZ8HxrDrOhVVSvQ=s800-c-k-c0x00ffffff-no-rj,Boston Crusaders,http://www.youtube.com/user/bostoncrusaders,https://www.youtube.com/watch?v=WqsIYWRxbeQ,Boston Crusaders Backstage Episode 4: Truth Obscured and Revealed,642,2026-08-05,https://www.youtube.com/watch?v=4Zpb0ElXLbw,2025 Boston Crusaders Battery Lot | Allentown,65494,https://www.youtube.com/watch?v=k8btItBqrgg,2023 Allentown Battery Lot | BAC23,25824,https://www.youtube.com/watch?v=4RYbO_PDLyE,2023 Finals Battery Lot | BAC23,23444,https://www.youtube.com/watch?v=NYKxijMr7n0,2025 Boston Crusaders Battery Lot | Finals,17271,,,,,,,,,,,,,,,,
https://yt3.ggpht.com/ytc/AIdro_lOxWD3ivKb-u4LP4DDKZ_wTk1ZC1oQArBYAkiiGErNug=s800-c-k-c0x00ffffff-no-rj,Santa Clara Vanguard,http://www.youtube.com/user/SantaClaraVanguard,https://www.youtube.com/watch?v=hgSLMG7SFUY,From the Field 2026: Episode 6 | Santa Clara Vanguard,2340,2026-09-10,https://www.youtube.com/watch?v=dKOVcUniWuc,"Santa Clara Vanguard 2021 - ""Wait For Me""",161130,https://www.youtube.com/watch?v=r_-JdQw8C3Q,2023 SCV Snare Line,145455,https://www.youtube.com/watch?v=wBRDdvf-j6E,"From The Field: 2022, Episode 2",14580,https://www.youtube.com/watch?v=JPx6op97AmM,From the Field 2026: Episode 1 | Santa Clara Vanguard,11754,,,,,,,,,,,,,,,,
https://yt3.ggpht.com/X79i7P2kXuUHV_FecraU11grZ5A_hWuvQtJNZKF0SNhMSPNfI1XoOtsUEJDKgzxXMi6iDXTc0w=s800-c-k-c0x00ffffff-no-rj,The Cavaliers,http://www.youtube.com/user/thecavaliers,https://www.youtube.com/watch?v=P9NPlLs4Mho,High Frequency: Ep. 1,264,2026-07-01,https://www.youtube.com/watch?v=ljmN4cDAq7c,2023 Percussion Run Through | ...Where You'll Find Me,16355,https://www.youtube.com/watch?v=M0VAHfVf3c0,LIVE! From The Rose - The Cavaliers 2021 Percussion Ensemble (OFFICIAL RELEASE),11699,https://www.youtube.com/watch?v=6yuivchlCzk,The Cavaliers: 1999 - 2023,6465,https://www.youtube.com/watch?v=uqkabBSAbFk,The Cavaliers: 1974 - 1998,6144,,,,,,,,,,,,,,,,
https://yt3.ggpht.com/ytc/AIdro_kjqPhj4W2wrQtrjfsUm2tk2eIi7pdW-_BWY9GRqu88RNA=s800-c-k-c0x00ffffff-no-rj,Phantom Regiment,http://www.youtube.com/user/PhantomRegiment1956,https://www.youtube.com/watch?v=vYP4UBCm6c0,The Final Stretch | Phantom Regiment 2026,1778,2026-08-17,https://www.youtube.com/watch?v=IKSvCq0HuH8,Phantom Regiment 2024 (official authorized release),903833,https://www.youtube.com/watch?v=eHkwbmrj4QY,Phantom Regiment 2023 (official authorized release),732500,https://www.youtube.com/watch?v=YrFtooCP5vk,Phantom Regiment 2021 (official edit and authorized release),350981,https://www.youtube.com/watch?v=XfnPICMSMCk,Phantom Regiment 2025 (official authorized release),232718,,,,,,,,,,,,,,,,
https://yt3.ggpht.com/Ygo4ru5rljgXqqq_qPN9_rCZKIAIIuPvwAplwnTdFjoYGksCljkoUW_Achc9N4pCZgADkQUs=s800-c-k-c0x00ffffff-no-rj,Sacramento Mandarins,http://www.youtube.com/channel/UCDSHOtNzup3rxeWUvs5pybQ,https://www.youtube.com/watch?v=l-_YpWaLeFE,Mandarins Drumline | 2025 DCI Finals In The Lot,541,2026-07-28,https://www.youtube.com/watch?v=JRkn1MC2FMs,Mandarins 2023 - Sinnerman (Official Release),503022,https://www.youtube.com/watch?v=WOofxMi3oeg,Mandarins 2024 - Vieux Carré (Official Release),158059,https://www.youtube.com/watch?v=9k0dktB7VbI,Mandarins 2025 - If I Must Fall... (Official Release),49445,https://www.youtube.com/watch?v=c9S_126xcYw,"Mandarins 2024 Brass - World, O World",27196,,,,,,,,,,,,,,,,
https://yt3.ggpht.com/ytc/AIdro_lB2-8wYj1BV9FwDrLN3JfWLoLNRe_H8JFycaBBhuBg9A=s800-c-k-c0x00ffffff-no-rj,Blue Stars Drum and Bugle Corps,http://www.youtube.com/channel/UC1eKPEEPuPJkGdd8okEH4xQ,https://www.youtube.com/watch?v=r1CrmtCde1g,Blue Stars Brass: Strength and Conditioning for Volume and Impact,37566,2016-06-29,https://www.youtube.com/watch?v=r1CrmtCde1g,Blue Stars Brass: Strength and Conditioning for Volume and Impact,37566,https://www.youtube.com/watch?v=7bryc7sKdxQ,Father's Day 2016,82,,,,,,,,,,,,,,,,,,,,,,
https://yt3.ggpht.com/v8NC5FD9bq9aHP8CZG43IgSdXF9saK0GO0nhzZR_9xhjLXlV6TxmLZUhOi5YIs2BnmykJpRfTLA=s800-c-k-c0x00ffffff-no-rj,Troopers Drum & Bugle Corps,http://www.youtube.com/user/TroopersDrumCorps,https://www.youtube.com/watch?v=ccmLDzFT2Yk,Into Darkness: Decoding the Troopers,1941,2026-07-16,https://www.youtube.com/watch?v=kslujy0VyNk,2024 Troopers Drum & Bugle Corps Official Mock-Up,48913,https://www.youtube.com/watch?v=rjWfN9jdU9I,2023 Troopers Drum & Bugle Corps Debut,25140,https://www.youtube.com/watch?v=WJL0AuuAKOc,2025 Troopers Drum & Bugle Corps Debut,19857,https://www.youtube.com/watch?v=t0D1tq4C4mg,2026 Troopers Drum & Bugle Corps Debut,18508,,,,,,,,,,,,,,,,
https://yt3.ggpht.com/ytc/AIdro_k0huAzxKeMYklJ6CoT8x30GvT5aJ6joo54GczvC7eKxQ=s800-c-k-c0x00ffffff-no-rj,Color Guard Team MINERVA,https://www.youtube.com/@colorguardteamminerva5329,https://www.youtube.com/watch?v=w8nMzNLrk6Y,"【カラーガード】YOASOBI ""ラブレター / LOVE LETTER""  | Color Guard Team MINERVA",2346,2025-04-15,https://www.youtube.com/watch?v=eoFRft2pEaY,"【カラーガード】""あいとわ - Pray for 3.11 Version""  | Color Guard Team MINERVA",10219,https://www.youtube.com/watch?v=YPVPPnewwEk,WGI Japan 2020 3rd place 「Worth Standing Up For」Color Guard Team MINERVA,7625,https://www.youtube.com/watch?v=k6M8zCK3ViA,"【カラーガード】MINERVA×VOXV ""CURTAIN CALL""  | Color Guard Team MINERVA",5647,https://www.youtube.com/watch?v=QaSRb4tH-5M,"【カラーガード】""あいとわ"" Full Shot Version  | Color Guard Team MINERVA",5196,,,,,,,,,,,,,,,,
https://yt3.ggpht.com/6mD9iyuxs-y6bN41Tvxd-jceWEO1nqVkfMao_QonJI7PY_I5Ye2jjeuavRSz3e6opPFYtZO3aw=s800-c-k-c0x00ffffff-no-rj,Revolt colorguard,https://www.youtube.com/@Revoltcolorguard,https://www.youtube.com/watch?v=IQxpDRjE-NE,"【カラーガード全国大会金賞】Revolt colorguard 2025""Not Machines"" ",1223,2026-02-02,https://www.youtube.com/watch?v=T-70iHada44,"【カラーガード全国大会金賞！】 ""What the Strange Night!"" Revolt colorguard 2024",1495,https://www.youtube.com/watch?v=IQxpDRjE-NE,"【カラーガード全国大会金賞】Revolt colorguard 2025""Not Machines"" ",1223,https://www.youtube.com/watch?v=W0v76Rdc-yk,【東海地区代表THE FOCUSの活動の真髄とは！？】リボラジ！第9回,418,https://www.youtube.com/watch?v=r8E2SH6d8yk,【2023年度カラーガード全国大会金賞】”怨” CGT2023,343,,,,,,,,,,,,,,,,
https://yt3.ggpht.com/-ry3_Q9O-_0JMes96wRyYa2N1nA0xm5gVfFqOxE0fwV0lKzPmcgl6hRp0-jewSgOAlYg5Drqiw=s800-c-k-c0x00ffffff-no-rj,ICHIKASHI ALUMNI CGT,https://www.youtube.com/@ikalumni_2022,https://www.youtube.com/watch?v=IeaP1ZaFXeg,re:もう一度 / IK ALUMNI CGT 2025,182,2026-06-08,https://www.youtube.com/watch?v=sXUDBOFOCVw,COLOR / IK ALUMNI CGT 2026,600,https://www.youtube.com/watch?v=iyBZPqmtpoA,HOME -A Place for All to Return- / IK ALUMNI CGT 2024,205,https://www.youtube.com/watch?v=IeaP1ZaFXeg,re:もう一度 / IK ALUMNI CGT 2025,182,https://www.youtube.com/watch?v=w6jNnrAwCbY,Your ''Point of View'' / IK ALUMNI CGT 2023,153,,,,,,,,,,,,,,,,
https://yt3.ggpht.com/ytc/AIdro_lkHAipTi_bJ2RYN8BwCkvqEOui0jD7fMPyNBzTY285=s800-c-k-c0x00ffffff-no-rj,Via Colorguard,https://www.youtube.com/@viacolorguard7940,https://www.youtube.com/watch?v=5abgO1D3ewE,"Via Colorguard Season12 Program ""Words""",896,2026-05-15,https://www.youtube.com/watch?v=IyI6zkNG9lU,"Via Colorguard Season7 Program ""Flow""",9528,https://www.youtube.com/watch?v=BadhFhAmd2o,"Via Colorguard Season9 Program ""Roots""",8126,https://www.youtube.com/watch?v=hqKYgm2YPhc,"Via Colorguard Season10 Program ""Press start""",4588,https://www.youtube.com/watch?v=hbwdZgmJESY,"Via Colorguard Season8 Program ""Put your mask on""",2217,,,,,,,,,,,,,,,,
https://yt3.ggpht.com/Zjmqw9o89tzsAnJQWeXJhsU1VwRq5EE2yTmYb2upJca8CBLpbS9L2QDbXlV1KWqaLOqlDJevndU=s800-c-k-c0x00ffffff-no-rj,Via Colorguard Jr.,https://www.youtube.com/@viacolorguardjr,https://www.youtube.com/watch?v=7pYTWatr__s,自主公演特別演目「カリスマックス」,1607,2026-04-12,https://www.youtube.com/watch?v=0VVOJ8dIAAQ,【Full shot】Season1 Program　“空想フォレスト”,2100,https://www.youtube.com/watch?v=7pYTWatr__s,自主公演特別演目「カリスマックス」,1607,https://www.youtube.com/watch?v=lvyCfsZ9zyQ,【Performance shot】Season2 Program “Back flow”,1566,https://www.youtube.com/watch?v=2hpJRumOl1Y,【Full shot】Season2 Program “Back flow”,1323,,,,,,,,,,,,,,,,
